run_accession	study_accession	sample_accession	experiment_title	library_strategy	library_source	library_layout	instrument_model	read_count	base_count	fastq_bytes	study_title	center_name	first_public	dataset	fastq_gb
SRR16554694	PRJNA770295	SAMN22443524	Illumina HiSeq 2000 sequencing: Metagenomic shotgun sequencing of sample W21.203	WGS	METAGENOMIC	PAIRED	Illumina HiSeq 2000	21315690	4288911412	1349575403;1387529214	Dietary fiber and probiotics impact the gut microbiome and melanoma immunotherapy response	SUB10558940	2021-12-25	Gopalakrishnan_2018	2.737104617
SRR16554736	PRJNA770295	SAMN22443396	Illumina HiSeq 2000 sequencing: Metagenomic shotgun sequencing of sample W21.75	WGS	METAGENOMIC	PAIRED	Illumina HiSeq 2000	18923531	3805449134	1197994325;1254346985	Dietary fiber and probiotics impact the gut microbiome and melanoma immunotherapy response	SUB10558940	2021-12-25	Gopalakrishnan_2018	2.45234131
SRR16554746	PRJNA770295	SAMN22443322	Illumina HiSeq 2000 sequencing: Metagenomic shotgun sequencing of sample W21.1	WGS	METAGENOMIC	PAIRED	Illumina HiSeq 2000	18807259	3780941485	1190462564;1218501531	Dietary fiber and probiotics impact the gut microbiome and melanoma immunotherapy response	SUB10558940	2021-12-25	Gopalakrishnan_2018	2.408964095
SRR16554692	PRJNA770295	SAMN22443534	Illumina HiSeq 2000 sequencing: Metagenomic shotgun sequencing of sample W21.213	WGS	METAGENOMIC	PAIRED	Illumina HiSeq 2000	17127215	3443932137	1087570882;1114438941	Dietary fiber and probiotics impact the gut microbiome and melanoma immunotherapy response	SUB10558940	2021-12-25	Gopalakrishnan_2018	2.202009823
SRR16554695	PRJNA770295	SAMN22443520	Illumina HiSeq 2000 sequencing: Metagenomic shotgun sequencing of sample W21.199	WGS	METAGENOMIC	PAIRED	Illumina HiSeq 2000	12815360	2577917706	816903218;842653553	Dietary fiber and probiotics impact the gut microbiome and melanoma immunotherapy response	SUB10558940	2021-12-25	Gopalakrishnan_2018	1.659556771
SRR16554699	PRJNA770295	SAMN22443494	Illumina HiSeq 2000 sequencing: Metagenomic shotgun sequencing of sample W21.173	WGS	METAGENOMIC	PAIRED	Illumina HiSeq 2000	14237232	2857792940	856929122;897690665	Dietary fiber and probiotics impact the gut microbiome and melanoma immunotherapy response	SUB10558940	2021-12-25	Gopalakrishnan_2018	1.754619787
SRR16554700	PRJNA770295	SAMN22443482	Illumina HiSeq 2000 sequencing: Metagenomic shotgun sequencing of sample W21.161	WGS	METAGENOMIC	PAIRED	Illumina HiSeq 2000	8033065	1610973769	612465594;628585821	Dietary fiber and probiotics impact the gut microbiome and melanoma immunotherapy response	SUB10558940	2021-12-25	Gopalakrishnan_2018	1.241051415
SRR16554711	PRJNA770295	SAMN22443419	Illumina HiSeq 2000 sequencing: Metagenomic shotgun sequencing of sample W21.98	WGS	METAGENOMIC	PAIRED	Illumina HiSeq 2000	20726208	4137384964	1573274417;1634981431	Dietary fiber and probiotics impact the gut microbiome and melanoma immunotherapy response	SUB10558940	2021-12-25	Gopalakrishnan_2018	3.208255848
SRR16554693	PRJNA770295	SAMN22443529	Illumina HiSeq 2000 sequencing: Metagenomic shotgun sequencing of sample W21.208	WGS	METAGENOMIC	PAIRED	Illumina HiSeq 2000	17152339	3451438275	1085957400;1112219191	Dietary fiber and probiotics impact the gut microbiome and melanoma immunotherapy response	SUB10558940	2021-12-25	Gopalakrishnan_2018	2.198176591
SRR16554696	PRJNA770295	SAMN22443504	Illumina HiSeq 2000 sequencing: Metagenomic shotgun sequencing of sample W21.183	WGS	METAGENOMIC	PAIRED	Illumina HiSeq 2000	18059298	3633272028	1142982597;1181556292	Dietary fiber and probiotics impact the gut microbiome and melanoma immunotherapy response	SUB10558940	2021-12-25	Gopalakrishnan_2018	2.324538889
SRR16554702	PRJNA770295	SAMN22443463	Illumina HiSeq 2000 sequencing: Metagenomic shotgun sequencing of sample W21.142	WGS	METAGENOMIC	PAIRED	Illumina HiSeq 2000	16169390	3252684639	1025218677;1055322491	Dietary fiber and probiotics impact the gut microbiome and melanoma immunotherapy response	SUB10558940	2021-12-25	Gopalakrishnan_2018	2.080541168
SRR16554710	PRJNA770295	SAMN22443425	Illumina HiSeq 2000 sequencing: Metagenomic shotgun sequencing of sample W21.104	WGS	METAGENOMIC	PAIRED	Illumina HiSeq 2000	12146007	2438144951	736843872;766794824	Dietary fiber and probiotics impact the gut microbiome and melanoma immunotherapy response	SUB10558940	2021-12-25	Gopalakrishnan_2018	1.503638696
SRR16554701	PRJNA770295	SAMN22443475	Illumina HiSeq 2000 sequencing: Metagenomic shotgun sequencing of sample W21.154	WGS	METAGENOMIC	PAIRED	Illumina HiSeq 2000	19960216	4015385275	1263076442;1290646715	Dietary fiber and probiotics impact the gut microbiome and melanoma immunotherapy response	SUB10558940	2021-12-25	Gopalakrishnan_2018	2.553723157
SRR16554703	PRJNA770295	SAMN22443455	Illumina HiSeq 2000 sequencing: Metagenomic shotgun sequencing of sample W21.134	WGS	METAGENOMIC	PAIRED	Illumina HiSeq 2000	18803457	3781657243	1188632675;1230561516	Dietary fiber and probiotics impact the gut microbiome and melanoma immunotherapy response	SUB10558940	2021-12-25	Gopalakrishnan_2018	2.419194191
SRR16554707	PRJNA770295	SAMN22443436	Illumina HiSeq 2000 sequencing: Metagenomic shotgun sequencing of sample W21.115	WGS	METAGENOMIC	PAIRED	Illumina HiSeq 2000	21526455	4311293155	1632410895;1708113879	Dietary fiber and probiotics impact the gut microbiome and melanoma immunotherapy response	SUB10558940	2021-12-25	Gopalakrishnan_2018	3.340524774
SRR16554706	PRJNA770295	SAMN22443439	Illumina HiSeq 2000 sequencing: Metagenomic shotgun sequencing of sample W21.118	WGS	METAGENOMIC	PAIRED	Illumina HiSeq 2000	13839785	2775888477	837868766;866214894	Dietary fiber and probiotics impact the gut microbiome and melanoma immunotherapy response	SUB10558940	2021-12-25	Gopalakrishnan_2018	1.70408366
SRR16554712	PRJNA770295	SAMN22443417	Illumina HiSeq 2000 sequencing: Metagenomic shotgun sequencing of sample W21.96	WGS	METAGENOMIC	PAIRED	Illumina HiSeq 2000	13416885	2685857182	804716114;841481701	Dietary fiber and probiotics impact the gut microbiome and melanoma immunotherapy response	SUB10558940	2021-12-25	Gopalakrishnan_2018	1.646197815
SRR16554733	PRJNA770295	SAMN22443406	Illumina HiSeq 2000 sequencing: Metagenomic shotgun sequencing of sample W21.85	WGS	METAGENOMIC	PAIRED	Illumina HiSeq 2000	13409601	2698719119	845499970;876431395	Dietary fiber and probiotics impact the gut microbiome and melanoma immunotherapy response	SUB10558940	2021-12-25	Gopalakrishnan_2018	1.721931365
SRR16554735	PRJNA770295	SAMN22443400	Illumina HiSeq 2000 sequencing: Metagenomic shotgun sequencing of sample W21.79	WGS	METAGENOMIC	PAIRED	Illumina HiSeq 2000	13289329	2674237274	841899839;863297979	Dietary fiber and probiotics impact the gut microbiome and melanoma immunotherapy response	SUB10558940	2021-12-25	Gopalakrishnan_2018	1.705197818
SRR16554739	PRJNA770295	SAMN22443384	Illumina HiSeq 2000 sequencing: Metagenomic shotgun sequencing of sample W21.63	WGS	METAGENOMIC	PAIRED	Illumina HiSeq 2000	19813397	3986915875	1250718265;1290238433	Dietary fiber and probiotics impact the gut microbiome and melanoma immunotherapy response	SUB10558940	2021-12-25	Gopalakrishnan_2018	2.540956698
SRR16554742	PRJNA770295	SAMN22443344	Illumina HiSeq 2000 sequencing: Metagenomic shotgun sequencing of sample W21.23	WGS	METAGENOMIC	PAIRED	Illumina HiSeq 2000	15179367	3053888916	963230705;988047677	Dietary fiber and probiotics impact the gut microbiome and melanoma immunotherapy response	SUB10558940	2021-12-25	Gopalakrishnan_2018	1.951278382
SRR16554745	PRJNA770295	SAMN22443331	Illumina HiSeq 2000 sequencing: Metagenomic shotgun sequencing of sample W21.10	WGS	METAGENOMIC	PAIRED	Illumina HiSeq 2000	8880504	1780474927	536081966;553651983	Dietary fiber and probiotics impact the gut microbiome and melanoma immunotherapy response	SUB10558940	2021-12-25	Gopalakrishnan_2018	1.089733949
ERR12405930	PRJEB49516	SAMEA12111381	Illumina NovaSeq 6000 paired end sequencing	WGS	METAGENOMIC	PAIRED	Illumina NovaSeq 6000	34590990	5223239490	1352650764;1365620546	Role_of_microbiome_in_rare_cancers_in_Australia	Wellcome Sanger Institute;SC	2024-01-03	Gunjur_2024	2.71827131
ERR12405940	PRJEB49516	SAMEA12111351	Illumina NovaSeq 6000 paired end sequencing	WGS	METAGENOMIC	PAIRED	Illumina NovaSeq 6000	38015740	5740376740	1487592787;1490509874	Role_of_microbiome_in_rare_cancers_in_Australia	Wellcome Sanger Institute;SC	2024-01-03	Gunjur_2024	2.978102661
ERR12405941	PRJEB49516	SAMEA12111353	Illumina NovaSeq 6000 paired end sequencing	WGS	METAGENOMIC	PAIRED	Illumina NovaSeq 6000	37518210	5665249710	1463797621;1494663939	Role_of_microbiome_in_rare_cancers_in_Australia	Wellcome Sanger Institute;SC	2024-01-03	Gunjur_2024	2.95846156
ERR12405943	PRJEB49516	SAMEA12111362	Illumina NovaSeq 6000 paired end sequencing	WGS	METAGENOMIC	PAIRED	Illumina NovaSeq 6000	56098936	8470939336	2182838226;2140940491	Role_of_microbiome_in_rare_cancers_in_Australia	Wellcome Sanger Institute;SC	2024-01-03	Gunjur_2024	4.323778717
ERR12405948	PRJEB49516	SAMEA12111376	Illumina NovaSeq 6000 paired end sequencing	WGS	METAGENOMIC	PAIRED	Illumina NovaSeq 6000	38485066	5811244966	1508684650;1502096134	Role_of_microbiome_in_rare_cancers_in_Australia	Wellcome Sanger Institute;SC	2024-01-03	Gunjur_2024	3.010780784
ERR12405952	PRJEB49516	SAMEA12111277	Illumina NovaSeq 6000 paired end sequencing	WGS	METAGENOMIC	PAIRED	Illumina NovaSeq 6000	40855522	6169183822	1595825085;1595986623	Role_of_microbiome_in_rare_cancers_in_Australia	Wellcome Sanger Institute;SC	2024-01-03	Gunjur_2024	3.191811708
ERR12405967	PRJEB49516	SAMEA12111300	Illumina NovaSeq 6000 paired end sequencing	WGS	METAGENOMIC	PAIRED	Illumina NovaSeq 6000	43307320	6539405320	1698978097;1705123701	Role_of_microbiome_in_rare_cancers_in_Australia	Wellcome Sanger Institute;SC	2024-01-03	Gunjur_2024	3.404101798
ERR12405973	PRJEB49516	SAMEA12111305	Illumina NovaSeq 6000 paired end sequencing	WGS	METAGENOMIC	PAIRED	Illumina NovaSeq 6000	44188192	6672416992	1730585980;1735570061	Role_of_microbiome_in_rare_cancers_in_Australia	Wellcome Sanger Institute;SC	2024-01-03	Gunjur_2024	3.466156041
ERR12405978	PRJEB49516	SAMEA12111310	Illumina NovaSeq 6000 paired end sequencing	WGS	METAGENOMIC	PAIRED	Illumina NovaSeq 6000	38046452	5745014252	1485410089;1516542974	Role_of_microbiome_in_rare_cancers_in_Australia	Wellcome Sanger Institute;SC	2024-01-03	Gunjur_2024	3.001953063
ERR12405985	PRJEB49516	SAMEA12111318	Illumina NovaSeq 6000 paired end sequencing	WGS	METAGENOMIC	PAIRED	Illumina NovaSeq 6000	42111758	6358875458	1645927285;1666828778	Role_of_microbiome_in_rare_cancers_in_Australia	Wellcome Sanger Institute;SC	2024-01-03	Gunjur_2024	3.312756063
ERR12405990	PRJEB49516	SAMEA12111325	Illumina NovaSeq 6000 paired end sequencing	WGS	METAGENOMIC	PAIRED	Illumina NovaSeq 6000	47547456	7179665856	1855070547;1884675841	Role_of_microbiome_in_rare_cancers_in_Australia	Wellcome Sanger Institute;SC	2024-01-03	Gunjur_2024	3.739746388
ERR12405994	PRJEB49516	SAMEA12111329	Illumina NovaSeq 6000 paired end sequencing	WGS	METAGENOMIC	PAIRED	Illumina NovaSeq 6000	36900582	5571987882	1444129592;1451160728	Role_of_microbiome_in_rare_cancers_in_Australia	Wellcome Sanger Institute;SC	2024-01-03	Gunjur_2024	2.89529032
ERR12405996	PRJEB49516	SAMEA12111331	Illumina NovaSeq 6000 paired end sequencing	WGS	METAGENOMIC	PAIRED	Illumina NovaSeq 6000	41482944	6263924544	1623902839;1634787735	Role_of_microbiome_in_rare_cancers_in_Australia	Wellcome Sanger Institute;SC	2024-01-03	Gunjur_2024	3.258690574
ERR12406000	PRJEB49516	SAMEA12111344	Illumina NovaSeq 6000 paired end sequencing	WGS	METAGENOMIC	PAIRED	Illumina NovaSeq 6000	39789902	6008275202	1558428715;1552918537	Role_of_microbiome_in_rare_cancers_in_Australia	Wellcome Sanger Institute;SC	2024-01-03	Gunjur_2024	3.111347252
ERR12406002	PRJEB49516	SAMEA12111346	Illumina NovaSeq 6000 paired end sequencing	WGS	METAGENOMIC	PAIRED	Illumina NovaSeq 6000	40175470	6066495970	1570215398;1594976716	Role_of_microbiome_in_rare_cancers_in_Australia	Wellcome Sanger Institute;SC	2024-01-03	Gunjur_2024	3.165192114
ERR12406003	PRJEB49516	SAMEA12111347	Illumina NovaSeq 6000 paired end sequencing	WGS	METAGENOMIC	PAIRED	Illumina NovaSeq 6000	37967996	5733167396	1493687258;1501331032	Role_of_microbiome_in_rare_cancers_in_Australia	Wellcome Sanger Institute;SC	2024-01-03	Gunjur_2024	2.99501829
ERR12406006	PRJEB49516	SAMEA12111352	Illumina NovaSeq 6000 paired end sequencing	WGS	METAGENOMIC	PAIRED	Illumina NovaSeq 6000	36403790	5496972290	1428499367;1435723791	Role_of_microbiome_in_rare_cancers_in_Australia	Wellcome Sanger Institute;SC	2024-01-03	Gunjur_2024	2.864223158
ERR12405909	PRJEB49516	SAMEA12111367	Illumina NovaSeq 6000 paired end sequencing	WGS	METAGENOMIC	PAIRED	Illumina NovaSeq 6000	46182758	6973596458	1790286815;1792397846	Role_of_microbiome_in_rare_cancers_in_Australia	Wellcome Sanger Institute;SC	2024-01-03	Gunjur_2024	3.582684661
ERR12405913	PRJEB49516	SAMEA12111279	Illumina NovaSeq 6000 paired end sequencing	WGS	METAGENOMIC	PAIRED	Illumina NovaSeq 6000	37639346	5683541246	1467867938;1483488802	Role_of_microbiome_in_rare_cancers_in_Australia	Wellcome Sanger Institute;SC	2024-01-03	Gunjur_2024	2.95135674
ERR12405918	PRJEB49516	SAMEA12111370	Illumina NovaSeq 6000 paired end sequencing	WGS	METAGENOMIC	PAIRED	Illumina NovaSeq 6000	45716770	6903232270	1764871908;1750912907	Role_of_microbiome_in_rare_cancers_in_Australia	Wellcome Sanger Institute;SC	2024-01-03	Gunjur_2024	3.515784815
ERR12405920	PRJEB49516	SAMEA12111292	Illumina NovaSeq 6000 paired end sequencing	WGS	METAGENOMIC	PAIRED	Illumina NovaSeq 6000	37700820	5692823820	1478119201;1490661898	Role_of_microbiome_in_rare_cancers_in_Australia	Wellcome Sanger Institute;SC	2024-01-03	Gunjur_2024	2.968781099
ERR12405922	PRJEB49516	SAMEA12303386	Illumina NovaSeq 6000 paired end sequencing	WGS	METAGENOMIC	PAIRED	Illumina NovaSeq 6000	40760808	6154882008	1587162388;1582549514	Role_of_microbiome_in_rare_cancers_in_Australia	Wellcome Sanger Institute;SC	2024-01-03	Gunjur_2024	3.169711902
ERR12405927	PRJEB49516	SAMEA12111379	Illumina NovaSeq 6000 paired end sequencing	WGS	METAGENOMIC	PAIRED	Illumina NovaSeq 6000	38597264	5828186864	1512978737;1518878119	Role_of_microbiome_in_rare_cancers_in_Australia	Wellcome Sanger Institute;SC	2024-01-03	Gunjur_2024	3.031856856
ERR12405933	PRJEB49516	SAMEA12111339	Illumina NovaSeq 6000 paired end sequencing	WGS	METAGENOMIC	PAIRED	Illumina NovaSeq 6000	46527272	7025618072	1815308468;1804784964	Role_of_microbiome_in_rare_cancers_in_Australia	Wellcome Sanger Institute;SC	2024-01-03	Gunjur_2024	3.620093432
ERR12405938	PRJEB49516	SAMEA12111345	Illumina NovaSeq 6000 paired end sequencing	WGS	METAGENOMIC	PAIRED	Illumina NovaSeq 6000	42499874	6417480974	1660253441;1659156960	Role_of_microbiome_in_rare_cancers_in_Australia	Wellcome Sanger Institute;SC	2024-01-03	Gunjur_2024	3.319410401
ERR12405939	PRJEB49516	SAMEA12111348	Illumina NovaSeq 6000 paired end sequencing	WGS	METAGENOMIC	PAIRED	Illumina NovaSeq 6000	38242328	5774591528	1496886783;1506426875	Role_of_microbiome_in_rare_cancers_in_Australia	Wellcome Sanger Institute;SC	2024-01-03	Gunjur_2024	3.003313658
ERR12405950	PRJEB49516	SAMEA12111382	Illumina NovaSeq 6000 paired end sequencing	WGS	METAGENOMIC	PAIRED	Illumina NovaSeq 6000	47210290	7128753790	1848533266;1845796043	Role_of_microbiome_in_rare_cancers_in_Australia	Wellcome Sanger Institute;SC	2024-01-03	Gunjur_2024	3.694329309
ERR12405953	PRJEB49516	SAMEA12111281	Illumina NovaSeq 6000 paired end sequencing	WGS	METAGENOMIC	PAIRED	Illumina NovaSeq 6000	39485898	5962370598	1534175983;1540631144	Role_of_microbiome_in_rare_cancers_in_Australia	Wellcome Sanger Institute;SC	2024-01-03	Gunjur_2024	3.074807127
ERR12405954	PRJEB49516	SAMEA12111282	Illumina NovaSeq 6000 paired end sequencing	WGS	METAGENOMIC	PAIRED	Illumina NovaSeq 6000	33786418	5101749118	1325599211;1337492862	Role_of_microbiome_in_rare_cancers_in_Australia	Wellcome Sanger Institute;SC	2024-01-03	Gunjur_2024	2.663092073
ERR12405963	PRJEB49516	SAMEA12111296	Illumina NovaSeq 6000 paired end sequencing	WGS	METAGENOMIC	PAIRED	Illumina NovaSeq 6000	45769910	6911256410	1784307485;1776379535	Role_of_microbiome_in_rare_cancers_in_Australia	Wellcome Sanger Institute;SC	2024-01-03	Gunjur_2024	3.56068702
ERR12405979	PRJEB49516	SAMEA12111311	Illumina NovaSeq 6000 paired end sequencing	WGS	METAGENOMIC	PAIRED	Illumina NovaSeq 6000	37819066	5710678966	1479122917;1479729420	Role_of_microbiome_in_rare_cancers_in_Australia	Wellcome Sanger Institute;SC	2024-01-03	Gunjur_2024	2.958852337
ERR12405980	PRJEB49516	SAMEA12111312	Illumina NovaSeq 6000 paired end sequencing	WGS	METAGENOMIC	PAIRED	Illumina NovaSeq 6000	61961000	9356111000	2402699263;2341859202	Role_of_microbiome_in_rare_cancers_in_Australia	Wellcome Sanger Institute;SC	2024-01-03	Gunjur_2024	4.744558465
ERR12405982	PRJEB49516	SAMEA12111315	Illumina NovaSeq 6000 paired end sequencing	WGS	METAGENOMIC	PAIRED	Illumina NovaSeq 6000	46840154	7072863254	1823477665;1845794066	Role_of_microbiome_in_rare_cancers_in_Australia	Wellcome Sanger Institute;SC	2024-01-03	Gunjur_2024	3.669271731
ERR12405984	PRJEB49516	SAMEA12111317	Illumina NovaSeq 6000 paired end sequencing	WGS	METAGENOMIC	PAIRED	Illumina NovaSeq 6000	34406482	5195378782	1366302828;1341199405	Role_of_microbiome_in_rare_cancers_in_Australia	Wellcome Sanger Institute;SC	2024-01-03	Gunjur_2024	2.707502233
ERR12405987	PRJEB49516	SAMEA12111319	Illumina NovaSeq 6000 paired end sequencing	WGS	METAGENOMIC	PAIRED	Illumina NovaSeq 6000	32184632	4859879432	1260041135;1325930364	Role_of_microbiome_in_rare_cancers_in_Australia	Wellcome Sanger Institute;SC	2024-01-03	Gunjur_2024	2.585971499
ERR12405988	PRJEB49516	SAMEA12111323	Illumina NovaSeq 6000 paired end sequencing	WGS	METAGENOMIC	PAIRED	Illumina NovaSeq 6000	40456520	6108934520	1583311676;1613558567	Role_of_microbiome_in_rare_cancers_in_Australia	Wellcome Sanger Institute;SC	2024-01-03	Gunjur_2024	3.196870243
ERR12405995	PRJEB49516	SAMEA12111330	Illumina NovaSeq 6000 paired end sequencing	WGS	METAGENOMIC	PAIRED	Illumina NovaSeq 6000	38727188	5847805388	1513592797;1531084105	Role_of_microbiome_in_rare_cancers_in_Australia	Wellcome Sanger Institute;SC	2024-01-03	Gunjur_2024	3.044676902
ERR12405997	PRJEB49516	SAMEA12111333	Illumina NovaSeq 6000 paired end sequencing	WGS	METAGENOMIC	PAIRED	Illumina NovaSeq 6000	43335176	6543611576	1690336770;1701639482	Role_of_microbiome_in_rare_cancers_in_Australia	Wellcome Sanger Institute;SC	2024-01-03	Gunjur_2024	3.391976252
ERR12405921	PRJEB49516	SAMEA12111298	Illumina NovaSeq 6000 paired end sequencing	WGS	METAGENOMIC	PAIRED	Illumina NovaSeq 6000	40899592	6175838392	1600538437;1616780298	Role_of_microbiome_in_rare_cancers_in_Australia	Wellcome Sanger Institute;SC	2024-01-03	Gunjur_2024	3.217318735
ERR12405928	PRJEB49516	SAMEA12111332	Illumina NovaSeq 6000 paired end sequencing	WGS	METAGENOMIC	PAIRED	Illumina NovaSeq 6000	42992032	6491796832	1672827297;1686726572	Role_of_microbiome_in_rare_cancers_in_Australia	Wellcome Sanger Institute;SC	2024-01-03	Gunjur_2024	3.359553869
ERR12405931	PRJEB49516	SAMEA12111336	Illumina NovaSeq 6000 paired end sequencing	WGS	METAGENOMIC	PAIRED	Illumina NovaSeq 6000	42513742	6419575042	1665660671;1678509589	Role_of_microbiome_in_rare_cancers_in_Australia	Wellcome Sanger Institute;SC	2024-01-03	Gunjur_2024	3.34417026
ERR12405934	PRJEB49516	SAMEA12111338	Illumina NovaSeq 6000 paired end sequencing	WGS	METAGENOMIC	PAIRED	Illumina NovaSeq 6000	43320746	6541432646	1693440483;1713838919	Role_of_microbiome_in_rare_cancers_in_Australia	Wellcome Sanger Institute;SC	2024-01-03	Gunjur_2024	3.407279402
ERR12405935	PRJEB49516	SAMEA12111340	Illumina NovaSeq 6000 paired end sequencing	WGS	METAGENOMIC	PAIRED	Illumina NovaSeq 6000	39726162	5998650462	1553259064;1575814563	Role_of_microbiome_in_rare_cancers_in_Australia	Wellcome Sanger Institute;SC	2024-01-03	Gunjur_2024	3.129073627
ERR12405936	PRJEB49516	SAMEA12111343	Illumina NovaSeq 6000 paired end sequencing	WGS	METAGENOMIC	PAIRED	Illumina NovaSeq 6000	18876168	2850301368	741674949;742029301	Role_of_microbiome_in_rare_cancers_in_Australia	Wellcome Sanger Institute;SC	2024-01-03	Gunjur_2024	1.48370425
ERR12405956	PRJEB49516	SAMEA12111285	Illumina NovaSeq 6000 paired end sequencing	WGS	METAGENOMIC	PAIRED	Illumina NovaSeq 6000	107819270	16280709770	4227632821;4223181514	Role_of_microbiome_in_rare_cancers_in_Australia	Wellcome Sanger Institute;SC	2024-01-03	Gunjur_2024	8.450814335
ERR12405958	PRJEB49516	SAMEA12111287	Illumina NovaSeq 6000 paired end sequencing	WGS	METAGENOMIC	PAIRED	Illumina NovaSeq 6000	44421434	6707636534	1742578076;1745523100	Role_of_microbiome_in_rare_cancers_in_Australia	Wellcome Sanger Institute;SC	2024-01-03	Gunjur_2024	3.488101176
ERR12405959	PRJEB49516	SAMEA12111289	Illumina NovaSeq 6000 paired end sequencing	WGS	METAGENOMIC	PAIRED	Illumina NovaSeq 6000	39918680	6027720680	1566601247;1581405100	Role_of_microbiome_in_rare_cancers_in_Australia	Wellcome Sanger Institute;SC	2024-01-03	Gunjur_2024	3.148006347
ERR12405960	PRJEB49516	SAMEA12111290	Illumina NovaSeq 6000 paired end sequencing	WGS	METAGENOMIC	PAIRED	Illumina NovaSeq 6000	44039344	6649940944	1718425667;1754475161	Role_of_microbiome_in_rare_cancers_in_Australia	Wellcome Sanger Institute;SC	2024-01-03	Gunjur_2024	3.472900828
ERR12405962	PRJEB49516	SAMEA12111293	Illumina NovaSeq 6000 paired end sequencing	WGS	METAGENOMIC	PAIRED	Illumina NovaSeq 6000	36098378	5450855078	1412666320;1409173104	Role_of_microbiome_in_rare_cancers_in_Australia	Wellcome Sanger Institute;SC	2024-01-03	Gunjur_2024	2.821839424
ERR12405964	PRJEB49516	SAMEA12111294	Illumina NovaSeq 6000 paired end sequencing	WGS	METAGENOMIC	PAIRED	Illumina NovaSeq 6000	39193316	5918190716	1529511264;1576028345	Role_of_microbiome_in_rare_cancers_in_Australia	Wellcome Sanger Institute;SC	2024-01-03	Gunjur_2024	3.105539609
ERR12405966	PRJEB49516	SAMEA12111297	Illumina NovaSeq 6000 paired end sequencing	WGS	METAGENOMIC	PAIRED	Illumina NovaSeq 6000	43162246	6517499146	1694659913;1688220777	Role_of_microbiome_in_rare_cancers_in_Australia	Wellcome Sanger Institute;SC	2024-01-03	Gunjur_2024	3.38288069
ERR12405970	PRJEB49516	SAMEA12111302	Illumina NovaSeq 6000 paired end sequencing	WGS	METAGENOMIC	PAIRED	Illumina NovaSeq 6000	42237926	6377926826	1649826176;1653952416	Role_of_microbiome_in_rare_cancers_in_Australia	Wellcome Sanger Institute;SC	2024-01-03	Gunjur_2024	3.303778592
ERR12405971	PRJEB49516	SAMEA12111304	Illumina NovaSeq 6000 paired end sequencing	WGS	METAGENOMIC	PAIRED	Illumina NovaSeq 6000	41004120	6191622120	1601111955;1611866748	Role_of_microbiome_in_rare_cancers_in_Australia	Wellcome Sanger Institute;SC	2024-01-03	Gunjur_2024	3.212978703
ERR12405975	PRJEB49516	SAMEA12111308	Illumina NovaSeq 6000 paired end sequencing	WGS	METAGENOMIC	PAIRED	Illumina NovaSeq 6000	42682476	6445053876	1664730600;1693448640	Role_of_microbiome_in_rare_cancers_in_Australia	Wellcome Sanger Institute;SC	2024-01-03	Gunjur_2024	3.35817924
ERR12405986	PRJEB49516	SAMEA12111320	Illumina NovaSeq 6000 paired end sequencing	WGS	METAGENOMIC	PAIRED	Illumina NovaSeq 6000	34135542	5154466842	1332086747;1349966352	Role_of_microbiome_in_rare_cancers_in_Australia	Wellcome Sanger Institute;SC	2024-01-03	Gunjur_2024	2.682053099
ERR12405999	PRJEB49516	SAMEA12111342	Illumina NovaSeq 6000 paired end sequencing	WGS	METAGENOMIC	PAIRED	Illumina NovaSeq 6000	44091852	6657869652	1725900248;1727001810	Role_of_microbiome_in_rare_cancers_in_Australia	Wellcome Sanger Institute;SC	2024-01-03	Gunjur_2024	3.452902058
ERR12406007	PRJEB49516	SAMEA12111354	Illumina NovaSeq 6000 paired end sequencing	WGS	METAGENOMIC	PAIRED	Illumina NovaSeq 6000	52063292	7861557092	2029605806;2029817449	Role_of_microbiome_in_rare_cancers_in_Australia	Wellcome Sanger Institute;SC	2024-01-03	Gunjur_2024	4.059423255
ERR12406008	PRJEB49516	SAMEA12111355	Illumina NovaSeq 6000 paired end sequencing	WGS	METAGENOMIC	PAIRED	Illumina NovaSeq 6000	36632862	5531562162	1434012677;1429442602	Role_of_microbiome_in_rare_cancers_in_Australia	Wellcome Sanger Institute;SC	2024-01-03	Gunjur_2024	2.863455279
ERR12406009	PRJEB49516	SAMEA12111356	Illumina NovaSeq 6000 paired end sequencing	WGS	METAGENOMIC	PAIRED	Illumina NovaSeq 6000	38863854	5868441954	1520488343;1530995621	Role_of_microbiome_in_rare_cancers_in_Australia	Wellcome Sanger Institute;SC	2024-01-03	Gunjur_2024	3.051483964
ERR12405912	PRJEB49516	SAMEA12111368	Illumina NovaSeq 6000 paired end sequencing	WGS	METAGENOMIC	PAIRED	Illumina NovaSeq 6000	40719706	6148675606	1591259239;1565915300	Role_of_microbiome_in_rare_cancers_in_Australia	Wellcome Sanger Institute;SC	2024-01-03	Gunjur_2024	3.157174539
ERR12405915	PRJEB49516	SAMEA12111283	Illumina NovaSeq 6000 paired end sequencing	WGS	METAGENOMIC	PAIRED	Illumina NovaSeq 6000	39727308	5998823508	1563822869;1561373906	Role_of_microbiome_in_rare_cancers_in_Australia	Wellcome Sanger Institute;SC	2024-01-03	Gunjur_2024	3.125196775
ERR12405919	PRJEB49516	SAMEA12111374	Illumina NovaSeq 6000 paired end sequencing	WGS	METAGENOMIC	PAIRED	Illumina NovaSeq 6000	47152630	7120047130	1830454147;1815504419	Role_of_microbiome_in_rare_cancers_in_Australia	Wellcome Sanger Institute;SC	2024-01-03	Gunjur_2024	3.645958566
ERR12405924	PRJEB49516	SAMEA12111313	Illumina NovaSeq 6000 paired end sequencing	WGS	METAGENOMIC	PAIRED	Illumina NovaSeq 6000	36707134	5542777234	1435819602;1435683471	Role_of_microbiome_in_rare_cancers_in_Australia	Wellcome Sanger Institute;SC	2024-01-03	Gunjur_2024	2.871503073
ERR12405929	PRJEB49516	SAMEA12111334	Illumina NovaSeq 6000 paired end sequencing	WGS	METAGENOMIC	PAIRED	Illumina NovaSeq 6000	46557230	7030141730	1814781028;1814002302	Role_of_microbiome_in_rare_cancers_in_Australia	Wellcome Sanger Institute;SC	2024-01-03	Gunjur_2024	3.62878333
ERR12405932	PRJEB49516	SAMEA12111337	Illumina NovaSeq 6000 paired end sequencing	WGS	METAGENOMIC	PAIRED	Illumina NovaSeq 6000	43617938	6586308638	1698536866;1720041540	Role_of_microbiome_in_rare_cancers_in_Australia	Wellcome Sanger Institute;SC	2024-01-03	Gunjur_2024	3.418578406
ERR12405944	PRJEB49516	SAMEA12111364	Illumina NovaSeq 6000 paired end sequencing	WGS	METAGENOMIC	PAIRED	Illumina NovaSeq 6000	36244936	5472985336	1420770931;1432590295	Role_of_microbiome_in_rare_cancers_in_Australia	Wellcome Sanger Institute;SC	2024-01-03	Gunjur_2024	2.853361226
ERR12405946	PRJEB49516	SAMEA12111372	Illumina NovaSeq 6000 paired end sequencing	WGS	METAGENOMIC	PAIRED	Illumina NovaSeq 6000	41292270	6235132770	1605740285;1627896907	Role_of_microbiome_in_rare_cancers_in_Australia	Wellcome Sanger Institute;SC	2024-01-03	Gunjur_2024	3.233637192
ERR12405947	PRJEB49516	SAMEA12111373	Illumina NovaSeq 6000 paired end sequencing	WGS	METAGENOMIC	PAIRED	Illumina NovaSeq 6000	39706850	5995734350	1551724670;1567533499	Role_of_microbiome_in_rare_cancers_in_Australia	Wellcome Sanger Institute;SC	2024-01-03	Gunjur_2024	3.119258169
ERR12405949	PRJEB49516	SAMEA12111375	Illumina NovaSeq 6000 paired end sequencing	WGS	METAGENOMIC	PAIRED	Illumina NovaSeq 6000	43496996	6568046396	1699917979;1706875094	Role_of_microbiome_in_rare_cancers_in_Australia	Wellcome Sanger Institute;SC	2024-01-03	Gunjur_2024	3.406793073
ERR12405957	PRJEB49516	SAMEA12111286	Illumina NovaSeq 6000 paired end sequencing	WGS	METAGENOMIC	PAIRED	Illumina NovaSeq 6000	60094882	9074327182	2342123532;2355180839	Role_of_microbiome_in_rare_cancers_in_Australia	Wellcome Sanger Institute;SC	2024-01-03	Gunjur_2024	4.697304371
ERR12405969	PRJEB49516	SAMEA12111299	Illumina NovaSeq 6000 paired end sequencing	WGS	METAGENOMIC	PAIRED	Illumina NovaSeq 6000	40629064	6134988664	1591932648;1596611649	Role_of_microbiome_in_rare_cancers_in_Australia	Wellcome Sanger Institute;SC	2024-01-03	Gunjur_2024	3.188544297
ERR12405974	PRJEB49516	SAMEA12111306	Illumina NovaSeq 6000 paired end sequencing	WGS	METAGENOMIC	PAIRED	Illumina NovaSeq 6000	56150612	8478742412	2186961796;2201635469	Role_of_microbiome_in_rare_cancers_in_Australia	Wellcome Sanger Institute;SC	2024-01-03	Gunjur_2024	4.388597265
ERR12405976	PRJEB49516	SAMEA12111307	Illumina NovaSeq 6000 paired end sequencing	WGS	METAGENOMIC	PAIRED	Illumina NovaSeq 6000	44579972	6731575772	1738233223;1737238379	Role_of_microbiome_in_rare_cancers_in_Australia	Wellcome Sanger Institute;SC	2024-01-03	Gunjur_2024	3.475471602
ERR12405991	PRJEB49516	SAMEA12111326	Illumina NovaSeq 6000 paired end sequencing	WGS	METAGENOMIC	PAIRED	Illumina NovaSeq 6000	53829396	8128238796	2092962219;2087763572	Role_of_microbiome_in_rare_cancers_in_Australia	Wellcome Sanger Institute;SC	2024-01-03	Gunjur_2024	4.180725791
ERR12405992	PRJEB49516	SAMEA12111328	Illumina NovaSeq 6000 paired end sequencing	WGS	METAGENOMIC	PAIRED	Illumina NovaSeq 6000	41313842	6238390142	1617199868;1615859735	Role_of_microbiome_in_rare_cancers_in_Australia	Wellcome Sanger Institute;SC	2024-01-03	Gunjur_2024	3.233059603
ERR12405998	PRJEB49516	SAMEA12111335	Illumina NovaSeq 6000 paired end sequencing	WGS	METAGENOMIC	PAIRED	Illumina NovaSeq 6000	42438414	6408200514	1667669840;1652257170	Role_of_microbiome_in_rare_cancers_in_Australia	Wellcome Sanger Institute;SC	2024-01-03	Gunjur_2024	3.31992701
ERR12406001	PRJEB49516	SAMEA12303387	Illumina NovaSeq 6000 paired end sequencing	WGS	METAGENOMIC	PAIRED	Illumina NovaSeq 6000	38200122	5768218422	1492008795;1496639681	Role_of_microbiome_in_rare_cancers_in_Australia	Wellcome Sanger Institute;SC	2024-01-03	Gunjur_2024	2.988648476
ERR12406004	PRJEB49516	SAMEA12111350	Illumina NovaSeq 6000 paired end sequencing	WGS	METAGENOMIC	PAIRED	Illumina NovaSeq 6000	43557808	6577229008	1701826008;1694811730	Role_of_microbiome_in_rare_cancers_in_Australia	Wellcome Sanger Institute;SC	2024-01-03	Gunjur_2024	3.396637738
ERR12406005	PRJEB49516	SAMEA12111349	Illumina NovaSeq 6000 paired end sequencing	WGS	METAGENOMIC	PAIRED	Illumina NovaSeq 6000	35323536	5333853936	1381755756;1375084734	Role_of_microbiome_in_rare_cancers_in_Australia	Wellcome Sanger Institute;SC	2024-01-03	Gunjur_2024	2.75684049
ERR12405910	PRJEB49516	SAMEA12111276	Illumina NovaSeq 6000 paired end sequencing	WGS	METAGENOMIC	PAIRED	Illumina NovaSeq 6000	43523260	6572012260	1693688243;1684370906	Role_of_microbiome_in_rare_cancers_in_Australia	Wellcome Sanger Institute;SC	2024-01-03	Gunjur_2024	3.378059149
ERR12405911	PRJEB49516	SAMEA12111278	Illumina NovaSeq 6000 paired end sequencing	WGS	METAGENOMIC	PAIRED	Illumina NovaSeq 6000	40061812	6049333612	1567241985;1570300365	Role_of_microbiome_in_rare_cancers_in_Australia	Wellcome Sanger Institute;SC	2024-01-03	Gunjur_2024	3.13754235
ERR12405914	PRJEB49516	SAMEA12111369	Illumina NovaSeq 6000 paired end sequencing	WGS	METAGENOMIC	PAIRED	Illumina NovaSeq 6000	37028580	5591315580	1442742700;1449358880	Role_of_microbiome_in_rare_cancers_in_Australia	Wellcome Sanger Institute;SC	2024-01-03	Gunjur_2024	2.89210158
ERR12405916	PRJEB49516	SAMEA12111371	Illumina NovaSeq 6000 paired end sequencing	WGS	METAGENOMIC	PAIRED	Illumina NovaSeq 6000	30663836	4630239236	1198740169;1192028449	Role_of_microbiome_in_rare_cancers_in_Australia	Wellcome Sanger Institute;SC	2024-01-03	Gunjur_2024	2.390768618
ERR12405917	PRJEB49516	SAMEA12111288	Illumina NovaSeq 6000 paired end sequencing	WGS	METAGENOMIC	PAIRED	Illumina NovaSeq 6000	40127316	6059224716	1569066925;1567815503	Role_of_microbiome_in_rare_cancers_in_Australia	Wellcome Sanger Institute;SC	2024-01-03	Gunjur_2024	3.136882428
ERR12405923	PRJEB49516	SAMEA12111378	Illumina NovaSeq 6000 paired end sequencing	WGS	METAGENOMIC	PAIRED	Illumina NovaSeq 6000	45830792	6920449592	1788737475;1761100458	Role_of_microbiome_in_rare_cancers_in_Australia	Wellcome Sanger Institute;SC	2024-01-03	Gunjur_2024	3.549837933
ERR12405925	PRJEB49516	SAMEA12111321	Illumina NovaSeq 6000 paired end sequencing	WGS	METAGENOMIC	PAIRED	Illumina NovaSeq 6000	36966706	5581972606	1456057362;1467270301	Role_of_microbiome_in_rare_cancers_in_Australia	Wellcome Sanger Institute;SC	2024-01-03	Gunjur_2024	2.923327663
ERR12405926	PRJEB49516	SAMEA12111380	Illumina NovaSeq 6000 paired end sequencing	WGS	METAGENOMIC	PAIRED	Illumina NovaSeq 6000	41724134	6300344234	1630694301;1630847009	Role_of_microbiome_in_rare_cancers_in_Australia	Wellcome Sanger Institute;SC	2024-01-03	Gunjur_2024	3.26154131
ERR12405937	PRJEB49516	SAMEA12111341	Illumina NovaSeq 6000 paired end sequencing	WGS	METAGENOMIC	PAIRED	Illumina NovaSeq 6000	34696482	5239168782	1351796466;1363875319	Role_of_microbiome_in_rare_cancers_in_Australia	Wellcome Sanger Institute;SC	2024-01-03	Gunjur_2024	2.715671785
ERR12405942	PRJEB49516	SAMEA12111360	Illumina NovaSeq 6000 paired end sequencing	WGS	METAGENOMIC	PAIRED	Illumina NovaSeq 6000	50619396	7643528796	1967013227;1964621898	Role_of_microbiome_in_rare_cancers_in_Australia	Wellcome Sanger Institute;SC	2024-01-03	Gunjur_2024	3.931635125
ERR12405945	PRJEB49516	SAMEA12111365	Illumina NovaSeq 6000 paired end sequencing	WGS	METAGENOMIC	PAIRED	Illumina NovaSeq 6000	39238856	5925067256	1529342415;1578997873	Role_of_microbiome_in_rare_cancers_in_Australia	Wellcome Sanger Institute;SC	2024-01-03	Gunjur_2024	3.108340288
ERR12405955	PRJEB49516	SAMEA12111284	Illumina NovaSeq 6000 paired end sequencing	WGS	METAGENOMIC	PAIRED	Illumina NovaSeq 6000	43630752	6588243552	1706229262;1694934004	Role_of_microbiome_in_rare_cancers_in_Australia	Wellcome Sanger Institute;SC	2024-01-03	Gunjur_2024	3.401163266
ERR12405961	PRJEB49516	SAMEA12111291	Illumina NovaSeq 6000 paired end sequencing	WGS	METAGENOMIC	PAIRED	Illumina NovaSeq 6000	42192930	6371132430	1643367113;1693317841	Role_of_microbiome_in_rare_cancers_in_Australia	Wellcome Sanger Institute;SC	2024-01-03	Gunjur_2024	3.336684954
ERR12405965	PRJEB49516	SAMEA12111295	Illumina NovaSeq 6000 paired end sequencing	WGS	METAGENOMIC	PAIRED	Illumina NovaSeq 6000	42569912	6428056712	1668778407;1679922239	Role_of_microbiome_in_rare_cancers_in_Australia	Wellcome Sanger Institute;SC	2024-01-03	Gunjur_2024	3.348700646
ERR12405968	PRJEB49516	SAMEA12111301	Illumina NovaSeq 6000 paired end sequencing	WGS	METAGENOMIC	PAIRED	Illumina NovaSeq 6000	40094398	6054254098	1564654929;1572449472	Role_of_microbiome_in_rare_cancers_in_Australia	Wellcome Sanger Institute;SC	2024-01-03	Gunjur_2024	3.137104401
ERR12405972	PRJEB49516	SAMEA12111303	Illumina NovaSeq 6000 paired end sequencing	WGS	METAGENOMIC	PAIRED	Illumina NovaSeq 6000	47002046	7097308946	1836388042;1861813202	Role_of_microbiome_in_rare_cancers_in_Australia	Wellcome Sanger Institute;SC	2024-01-03	Gunjur_2024	3.698201244
ERR12405977	PRJEB49516	SAMEA12111309	Illumina NovaSeq 6000 paired end sequencing	WGS	METAGENOMIC	PAIRED	Illumina NovaSeq 6000	36534154	5516657254	1430185537;1440816438	Role_of_microbiome_in_rare_cancers_in_Australia	Wellcome Sanger Institute;SC	2024-01-03	Gunjur_2024	2.871001975
ERR12405981	PRJEB49516	SAMEA12111314	Illumina NovaSeq 6000 paired end sequencing	WGS	METAGENOMIC	PAIRED	Illumina NovaSeq 6000	37083460	5599602460	1449881346;1460626014	Role_of_microbiome_in_rare_cancers_in_Australia	Wellcome Sanger Institute;SC	2024-01-03	Gunjur_2024	2.91050736
ERR12405983	PRJEB49516	SAMEA12111316	Illumina NovaSeq 6000 paired end sequencing	WGS	METAGENOMIC	PAIRED	Illumina NovaSeq 6000	38346372	5790302172	1503154484;1504084205	Role_of_microbiome_in_rare_cancers_in_Australia	Wellcome Sanger Institute;SC	2024-01-03	Gunjur_2024	3.007238689
ERR12405989	PRJEB49516	SAMEA12111324	Illumina NovaSeq 6000 paired end sequencing	WGS	METAGENOMIC	PAIRED	Illumina NovaSeq 6000	37991314	5736688414	1483828842;1495027230	Role_of_microbiome_in_rare_cancers_in_Australia	Wellcome Sanger Institute;SC	2024-01-03	Gunjur_2024	2.978856072
ERR12405993	PRJEB49516	SAMEA12111327	Illumina NovaSeq 6000 paired end sequencing	WGS	METAGENOMIC	PAIRED	Illumina NovaSeq 6000	39085236	5901870636	1525909752;1565420950	Role_of_microbiome_in_rare_cancers_in_Australia	Wellcome Sanger Institute;SC	2024-01-03	Gunjur_2024	3.091330702
ERR12406011	PRJEB49516	SAMEA12111358	Illumina NovaSeq 6000 paired end sequencing	WGS	METAGENOMIC	PAIRED	Illumina NovaSeq 6000	40697642	6145343942	1589977768;1588182771	Role_of_microbiome_in_rare_cancers_in_Australia	Wellcome Sanger Institute;SC	2024-01-03	Gunjur_2024	3.178160539
ERR12406010	PRJEB49516	SAMEA12111357	Illumina NovaSeq 6000 paired end sequencing	WGS	METAGENOMIC	PAIRED	Illumina NovaSeq 6000	42909714	6479366814	1672641558;1674483225	Role_of_microbiome_in_rare_cancers_in_Australia	Wellcome Sanger Institute;SC	2024-01-03	Gunjur_2024	3.347124783
ERR12406015	PRJEB49516	SAMEA12111366	Illumina NovaSeq 6000 paired end sequencing	WGS	METAGENOMIC	PAIRED	Illumina NovaSeq 6000	47328656	7146627056	1836785653;1852223694	Role_of_microbiome_in_rare_cancers_in_Australia	Wellcome Sanger Institute;SC	2024-01-03	Gunjur_2024	3.689009347
ERR12406013	PRJEB49516	SAMEA12111361	Illumina NovaSeq 6000 paired end sequencing	WGS	METAGENOMIC	PAIRED	Illumina NovaSeq 6000	40796810	6160318310	1590628534;1594698424	Role_of_microbiome_in_rare_cancers_in_Australia	Wellcome Sanger Institute;SC	2024-01-03	Gunjur_2024	3.185326958
ERR12406012	PRJEB49516	SAMEA12111359	Illumina NovaSeq 6000 paired end sequencing	WGS	METAGENOMIC	PAIRED	Illumina NovaSeq 6000	42062164	6351386764	1644753079;1669558094	Role_of_microbiome_in_rare_cancers_in_Australia	Wellcome Sanger Institute;SC	2024-01-03	Gunjur_2024	3.314311173
ERR12406014	PRJEB49516	SAMEA12111363	Illumina NovaSeq 6000 paired end sequencing	WGS	METAGENOMIC	PAIRED	Illumina NovaSeq 6000	39920418	6027983118	1560939603;1564591074	Role_of_microbiome_in_rare_cancers_in_Australia	Wellcome Sanger Institute;SC	2024-01-03	Gunjur_2024	3.125530677
SRR8387659	PRJNA494824	SAMN10688659	Illumina HiSeq 1500 sequencing: Gut microbiome of PID40, baseline	WGS	METAGENOMIC	PAIRED	Illumina HiSeq 1500	35001025	7043631050	1884997670;1888770741	Gut metagenomic raw sequence reads of cancer patients	SUB4599841	2019-01-12	Heshiki_2020	3.773768411
SRR8387679	PRJNA494824	SAMN10688637	Illumina HiSeq 1500 sequencing: Gut microbiome of PID25, baseline	WGS	METAGENOMIC	PAIRED	Illumina HiSeq 1500	34505147	6945125511	1876990375;1855648614	Gut metagenomic raw sequence reads of cancer patients	SUB4599841	2019-01-12	Heshiki_2020	3.732638989
SRR8387677	PRJNA494824	SAMN10688643	Illumina HiSeq 1500 sequencing: Gut microbiome of PID28, baseline	WGS	METAGENOMIC	PAIRED	Illumina HiSeq 1500	36838599	7408093965	1984351614;1973436256	Gut metagenomic raw sequence reads of cancer patients	SUB4599841	2019-01-12	Heshiki_2020	3.95778787
SRR8387707	PRJNA494824	SAMN10688657	Illumina HiSeq 1500 sequencing: Gut microbiome of PID39, baseline	WGS	METAGENOMIC	PAIRED	Illumina HiSeq 1500	36677311	7379610185	2003479493;2006660122	Gut metagenomic raw sequence reads of cancer patients	SUB4599841	2019-01-12	Heshiki_2020	4.010139615
SRR8387710	PRJNA494824	SAMN10688640	Illumina HiSeq 1500 sequencing: Gut microbiome of PID27, baseline	WGS	METAGENOMIC	PAIRED	Illumina HiSeq 1500	35595427	7158105595	1922647644;1930830159	Gut metagenomic raw sequence reads of cancer patients	SUB4599841	2019-01-12	Heshiki_2020	3.853477803
SRR8387691	PRJNA494824	SAMN10688660	Illumina HiSeq 1500 sequencing: Gut microbiome of PID44, baseline	WGS	METAGENOMIC	PAIRED	Illumina HiSeq 1500	33232222	6688927598	1799180042;1769999261	Gut metagenomic raw sequence reads of cancer patients	SUB4599841	2019-01-12	Heshiki_2020	3.569179303
SRR8387712	PRJNA494824	SAMN10688652	Illumina HiSeq 1500 sequencing: Gut microbiome of PID36, baseline	WGS	METAGENOMIC	PAIRED	Illumina HiSeq 1500	36822851	7401204022	2018110468;2020833230	Gut metagenomic raw sequence reads of cancer patients	SUB4599841	2019-01-12	Heshiki_2020	4.038943698
SRR8387681	PRJNA494824	SAMN10688661	Illumina HiSeq 1500 sequencing: Gut microbiome of PID45, baseline	WGS	METAGENOMIC	PAIRED	Illumina HiSeq 1500	35221954	7082749017	1884218761;1870122426	Gut metagenomic raw sequence reads of cancer patients	SUB4599841	2019-01-12	Heshiki_2020	3.754341187
SRR8387683	PRJNA494824	SAMN10688649	Illumina HiSeq 1500 sequencing: Gut microbiome of PID32, baseline	WGS	METAGENOMIC	PAIRED	Illumina HiSeq 1500	35484552	7133338306	1948428336;1912674005	Gut metagenomic raw sequence reads of cancer patients	SUB4599841	2019-01-12	Heshiki_2020	3.861102341
SRR8387697	PRJNA494824	SAMN10688654	Illumina HiSeq 1500 sequencing: Gut microbiome of PID38, baseline	WGS	METAGENOMIC	PAIRED	Illumina HiSeq 1500	35475105	7137606228	1906929414;1898862595	Gut metagenomic raw sequence reads of cancer patients	SUB4599841	2019-01-12	Heshiki_2020	3.805792009
SRR8387676	PRJNA494824	SAMN10688646	Illumina HiSeq 1500 sequencing: Gut microbiome of PID30, baseline	WGS	METAGENOMIC	PAIRED	Illumina HiSeq 1500	37103783	7463936727	2002036536;2003733719	Gut metagenomic raw sequence reads of cancer patients	SUB4599841	2019-01-12	Heshiki_2020	4.005770255
SRR20881974	PRJNA866654	SAMN30170370	Illumina HiSeq 4000 sequencing: metagenome of Homo sapiens : human gut microbiome	WGS	METAGENOMIC	PAIRED	Illumina HiSeq 4000	37854542	11432071684	3007833193;3426458815	Exploring gut microbiome in predicting efficacy of immuno-therapy in non-small cell lung cancer	SUB11901501	2022-10-01	Liu_2022	6.434292008
SRR20881978	PRJNA866654	SAMN30170366	Illumina HiSeq 4000 sequencing: metagenome of Homo sapiens : human gut microbiome	WGS	METAGENOMIC	PAIRED	Illumina HiSeq 4000	33958842	10255570284	2672465673;2894901662	Exploring gut microbiome in predicting efficacy of immuno-therapy in non-small cell lung cancer	SUB11901501	2022-10-01	Liu_2022	5.567367335
SRR20881976	PRJNA866654	SAMN30170368	Illumina HiSeq 4000 sequencing: metagenome of Homo sapiens : human gut microbiome	WGS	METAGENOMIC	PAIRED	Illumina HiSeq 4000	21099720	6372115440	1693687709;1927685474	Exploring gut microbiome in predicting efficacy of immuno-therapy in non-small cell lung cancer	SUB11901501	2022-10-01	Liu_2022	3.621373183
SRR20881977	PRJNA866654	SAMN30170367	Illumina HiSeq 4000 sequencing: metagenome of Homo sapiens : human gut microbiome	WGS	METAGENOMIC	PAIRED	Illumina HiSeq 4000	40980468	12376101336	3289276146;3657397469	Exploring gut microbiome in predicting efficacy of immuno-therapy in non-small cell lung cancer	SUB11901501	2022-10-01	Liu_2022	6.946673615
SRR20881981	PRJNA866654	SAMN30170363	Illumina HiSeq 4000 sequencing: metagenome of Homo sapiens : human gut microbiome	WGS	METAGENOMIC	PAIRED	Illumina HiSeq 4000	31617878	9548599156	2500516658;2831724921	Exploring gut microbiome in predicting efficacy of immuno-therapy in non-small cell lung cancer	SUB11901501	2022-10-01	Liu_2022	5.332241579
SRR20881980	PRJNA866654	SAMN30170364	Illumina HiSeq 4000 sequencing: metagenome of Homo sapiens : human gut microbiome	WGS	METAGENOMIC	PAIRED	Illumina HiSeq 4000	29180398	8812480196	2345514565;2687458135	Exploring gut microbiome in predicting efficacy of immuno-therapy in non-small cell lung cancer	SUB11901501	2022-10-01	Liu_2022	5.0329727
SRR20881985	PRJNA866654	SAMN30170372	Illumina HiSeq 4000 sequencing: metagenome of Homo sapiens : human gut microbiome	WGS	METAGENOMIC	PAIRED	Illumina HiSeq 4000	23565598	7116810596	1885533455;2151399646	Exploring gut microbiome in predicting efficacy of immuno-therapy in non-small cell lung cancer	SUB11901501	2022-10-01	Liu_2022	4.036933101
SRR20881983	PRJNA866654	SAMN30170374	Illumina HiSeq 4000 sequencing: metagenome of Homo sapiens : human gut microbiome	WGS	METAGENOMIC	PAIRED	Illumina HiSeq 4000	47049592	14208976784	3720192255;4128251503	Exploring gut microbiome in predicting efficacy of immuno-therapy in non-small cell lung cancer	SUB11901501	2022-10-01	Liu_2022	7.848443758
SRR20881986	PRJNA866654	SAMN30170371	Illumina HiSeq 4000 sequencing: metagenome of Homo sapiens : human gut microbiome	WGS	METAGENOMIC	PAIRED	Illumina HiSeq 4000	24800113	7489634126	1995204249;2326377503	Exploring gut microbiome in predicting efficacy of immuno-therapy in non-small cell lung cancer	SUB11901501	2022-10-01	Liu_2022	4.321581752
SRR20881987	PRJNA866654	SAMN30170362	Illumina HiSeq 4000 sequencing: metagenome of Homo sapiens : human gut microbiome	WGS	METAGENOMIC	PAIRED	Illumina HiSeq 4000	23004253	6947284406	1821194587;2066603279	Exploring gut microbiome in predicting efficacy of immuno-therapy in non-small cell lung cancer	SUB11901501	2022-10-01	Liu_2022	3.887797866
SRR20881988	PRJNA866654	SAMN30170361	Illumina HiSeq 4000 sequencing: metagenome of Homo sapiens : human gut microbiome	WGS	METAGENOMIC	PAIRED	Illumina HiSeq 4000	28096321	8485088942	2264010574;2623544967	Exploring gut microbiome in predicting efficacy of immuno-therapy in non-small cell lung cancer	SUB11901501	2022-10-01	Liu_2022	4.887555541
SRR20881975	PRJNA866654	SAMN30170369	Illumina HiSeq 4000 sequencing: metagenome of Homo sapiens : human gut microbiome	WGS	METAGENOMIC	PAIRED	Illumina HiSeq 4000	23162402	6995045404	1859524607;2172242679	Exploring gut microbiome in predicting efficacy of immuno-therapy in non-small cell lung cancer	SUB11901501	2022-10-01	Liu_2022	4.031767286
SRR20881979	PRJNA866654	SAMN30170365	Illumina HiSeq 4000 sequencing: metagenome of Homo sapiens : human gut microbiome	WGS	METAGENOMIC	PAIRED	Illumina HiSeq 4000	20065042	6059642684	1631469641;1886013683	Exploring gut microbiome in predicting efficacy of immuno-therapy in non-small cell lung cancer	SUB11901501	2022-10-01	Liu_2022	3.517483324
SRR20881984	PRJNA866654	SAMN30170373	Illumina HiSeq 4000 sequencing: metagenome of Homo sapiens : human gut microbiome	WGS	METAGENOMIC	PAIRED	Illumina HiSeq 4000	24968514	7540491228	2005469168;2303628165	Exploring gut microbiome in predicting efficacy of immuno-therapy in non-small cell lung cancer	SUB11901501	2022-10-01	Liu_2022	4.309097333
SRR16168896	PRJNA762360	SAMN21886458	Illumina NovaSeq 6000 sequencing: Metagenomic shotgun sequencing of Fecal sample PD1TPF1865dna201907 of human melanoma patient collected on 2018-02-23	WGS	METAGENOMIC	PAIRED	Illumina NovaSeq 6000	45234488	13431960637	2976292572;3177243797	Intestinal Microbiota Signatures Predict Clinical Outcome and Immune-related Adverse Events in PD-1 Treated Melanoma Patients	SUB10446698	2022-01-06	McCulloch_2022	6.153536369
SRR16168918	PRJNA762360	SAMN21886438	Illumina NovaSeq 6000 sequencing: Metagenomic shotgun sequencing of Fecal sample PD1TPF1831dna201907 of human melanoma patient collected on 2018-01-30	WGS	METAGENOMIC	PAIRED	Illumina NovaSeq 6000	72209592	21549187251	4747351567;4934570243	Intestinal Microbiota Signatures Predict Clinical Outcome and Immune-related Adverse Events in PD-1 Treated Melanoma Patients	SUB10446698	2022-01-06	McCulloch_2022	9.68192181
SRR16168929	PRJNA762360	SAMN21886428	Illumina NovaSeq 6000 sequencing: Metagenomic shotgun sequencing of Fecal sample PD1SS17002dna201907 of human melanoma patient collected on 2017-01-09	WGS	METAGENOMIC	PAIRED	Illumina NovaSeq 6000	28682615	8560864604	1893360241;1958751086	Intestinal Microbiota Signatures Predict Clinical Outcome and Immune-related Adverse Events in PD-1 Treated Melanoma Patients	SUB10446698	2022-01-06	McCulloch_2022	3.852111327
SRR16168975	PRJNA762360	SAMN21886369	Illumina NovaSeq 6000 sequencing: Metagenomic shotgun sequencing of Fecal sample PD1SS17005dna201907 of human melanoma patient collected on 2017-02-01	WGS	METAGENOMIC	PAIRED	Illumina NovaSeq 6000	31590815	9436366857	2051884957;2157397097	Intestinal Microbiota Signatures Predict Clinical Outcome and Immune-related Adverse Events in PD-1 Treated Melanoma Patients	SUB10446698	2022-01-06	McCulloch_2022	4.209282054
SRR16168984	PRJNA762360	SAMN21886378	Illumina NovaSeq 6000 sequencing: Metagenomic shotgun sequencing of Fecal sample PD128Pittsdna201907 of human melanoma patient collected on 2016-10-19	WGS	METAGENOMIC	PAIRED	Illumina NovaSeq 6000	30256747	9042937113	1951480659;2049442398	Intestinal Microbiota Signatures Predict Clinical Outcome and Immune-related Adverse Events in PD-1 Treated Melanoma Patients	SUB10446698	2022-01-06	McCulloch_2022	4.000923057
SRR16168913	PRJNA762360	SAMN21886443	Illumina NovaSeq 6000 sequencing: Metagenomic shotgun sequencing of Fecal sample PD1TPF1897dna201907 of human melanoma patient collected on 2018-03-15	WGS	METAGENOMIC	PAIRED	Illumina NovaSeq 6000	70213494	20893356447	4676633056;4800742047	Intestinal Microbiota Signatures Predict Clinical Outcome and Immune-related Adverse Events in PD-1 Treated Melanoma Patients	SUB10446698	2022-01-06	McCulloch_2022	9.477375103
SRR16168925	PRJNA762360	SAMN21886432	Illumina NovaSeq 6000 sequencing: Metagenomic shotgun sequencing of Fecal sample PD125Pittsdna201907 of human melanoma patient collected on 2016-10-10	WGS	METAGENOMIC	PAIRED	Illumina NovaSeq 6000	21969445	6547259065	1449481248;1472418743	Intestinal Microbiota Signatures Predict Clinical Outcome and Immune-related Adverse Events in PD-1 Treated Melanoma Patients	SUB10446698	2022-01-06	McCulloch_2022	2.921899991
SRR16168930	PRJNA762360	SAMN21886427	Illumina NovaSeq 6000 sequencing: Metagenomic shotgun sequencing of Fecal sample PD1SS17019dna201907 of human melanoma patient collected on 2017-03-17	WGS	METAGENOMIC	PAIRED	Illumina NovaSeq 6000	40073645	11942549361	2642868959;2776390475	Intestinal Microbiota Signatures Predict Clinical Outcome and Immune-related Adverse Events in PD-1 Treated Melanoma Patients	SUB10446698	2022-01-06	McCulloch_2022	5.419259434
SRR16168900	PRJNA762360	SAMN21886455	Illumina NovaSeq 6000 sequencing: Metagenomic shotgun sequencing of Fecal sample PD1TPF1871dna201907 of human melanoma patient collected on 2018-02-28	WGS	METAGENOMIC	PAIRED	Illumina NovaSeq 6000	24218900	7219817191	1588936693;1634058485	Intestinal Microbiota Signatures Predict Clinical Outcome and Immune-related Adverse Events in PD-1 Treated Melanoma Patients	SUB10446698	2022-01-06	McCulloch_2022	3.222995178
SRR16168903	PRJNA762360	SAMN21886452	Illumina NovaSeq 6000 sequencing: Metagenomic shotgun sequencing of Fecal sample PD1TPF18189dna201907 of human melanoma patient collected on 2018-06-01	WGS	METAGENOMIC	PAIRED	Illumina NovaSeq 6000	11211637	3340301748	728058331;756622333	Intestinal Microbiota Signatures Predict Clinical Outcome and Immune-related Adverse Events in PD-1 Treated Melanoma Patients	SUB10446698	2022-01-06	McCulloch_2022	1.484680664
SRR16168909	PRJNA762360	SAMN21886375	Illumina NovaSeq 6000 sequencing: Metagenomic shotgun sequencing of Fecal sample PD117006dna201907 of human melanoma patient collected on 2017-02-10	WGS	METAGENOMIC	PAIRED	Illumina NovaSeq 6000	24767709	7395234453	1661744128;1682810389	Intestinal Microbiota Signatures Predict Clinical Outcome and Immune-related Adverse Events in PD-1 Treated Melanoma Patients	SUB10446698	2022-01-06	McCulloch_2022	3.344554517
SRR16168938	PRJNA762360	SAMN21886420	Illumina NovaSeq 6000 sequencing: Metagenomic shotgun sequencing of Fecal sample PD117026dna201907 of human melanoma patient collected on 2018-05-10	WGS	METAGENOMIC	PAIRED	Illumina NovaSeq 6000	31304919	9356566057	2036665069;2126526630	Intestinal Microbiota Signatures Predict Clinical Outcome and Immune-related Adverse Events in PD-1 Treated Melanoma Patients	SUB10446698	2022-01-06	McCulloch_2022	4.163191699
SRR16168942	PRJNA762360	SAMN21886372	Illumina NovaSeq 6000 sequencing: Metagenomic shotgun sequencing of Fecal sample PD118Pittsdna201907 of human melanoma patient collected on 2016-04-14	WGS	METAGENOMIC	PAIRED	Illumina NovaSeq 6000	45173525	13485218280	2943947427;3095548022	Intestinal Microbiota Signatures Predict Clinical Outcome and Immune-related Adverse Events in PD-1 Treated Melanoma Patients	SUB10446698	2022-01-06	McCulloch_2022	6.039495449
SRR16168945	PRJNA762360	SAMN21886414	Illumina NovaSeq 6000 sequencing: Metagenomic shotgun sequencing of Fecal sample PD117033dna201907 of human melanoma patient collected on 2017-04-12	WGS	METAGENOMIC	PAIRED	Illumina NovaSeq 6000	32934888	9846636948	2136720073;2231130940	Intestinal Microbiota Signatures Predict Clinical Outcome and Immune-related Adverse Events in PD-1 Treated Melanoma Patients	SUB10446698	2022-01-06	McCulloch_2022	4.367851013
SRR16168982	PRJNA762360	SAMN21886380	Illumina NovaSeq 6000 sequencing: Metagenomic shotgun sequencing of Fecal sample PD1SS17003dna201907 of human melanoma patient collected on 2017-01-13	WGS	METAGENOMIC	PAIRED	Illumina NovaSeq 6000	37332422	11157092108	2480398969;2530270200	Intestinal Microbiota Signatures Predict Clinical Outcome and Immune-related Adverse Events in PD-1 Treated Melanoma Patients	SUB10446698	2022-01-06	McCulloch_2022	5.010669169
SRR16168986	PRJNA762360	SAMN21886368	Illumina NovaSeq 6000 sequencing: Metagenomic shotgun sequencing of Fecal sample PD117Pittsdna201907 of human melanoma patient collected on 2016-03-16	WGS	METAGENOMIC	PAIRED	Illumina NovaSeq 6000	31785318	9467937360	2118617270;2181080579	Intestinal Microbiota Signatures Predict Clinical Outcome and Immune-related Adverse Events in PD-1 Treated Melanoma Patients	SUB10446698	2022-01-06	McCulloch_2022	4.299697849
SRR16168926	PRJNA762360	SAMN21886431	Illumina NovaSeq 6000 sequencing: Metagenomic shotgun sequencing of Fecal sample PD117148dna201907 of human melanoma patient collected on 2017-08-07	WGS	METAGENOMIC	PAIRED	Illumina NovaSeq 6000	25093504	7444217986	1638242754;1812723421	Intestinal Microbiota Signatures Predict Clinical Outcome and Immune-related Adverse Events in PD-1 Treated Melanoma Patients	SUB10446698	2022-01-06	McCulloch_2022	3.450966175
SRR16168943	PRJNA762360	SAMN21886416	Illumina NovaSeq 6000 sequencing: Metagenomic shotgun sequencing of Fecal sample PD1SS17004dna201907 of human melanoma patient collected on 2017-01-17	WGS	METAGENOMIC	PAIRED	Illumina NovaSeq 6000	43116123	12898222590	2859917396;2886515435	Intestinal Microbiota Signatures Predict Clinical Outcome and Immune-related Adverse Events in PD-1 Treated Melanoma Patients	SUB10446698	2022-01-06	McCulloch_2022	5.746432831
SRR16168952	PRJNA762360	SAMN21886407	Illumina NovaSeq 6000 sequencing: Metagenomic shotgun sequencing of Fecal sample PD1TPF17182dna201907 of human melanoma patient collected on 2017-09-06	WGS	METAGENOMIC	PAIRED	Illumina NovaSeq 6000	45129377	13455451990	2987356523;3148589158	Intestinal Microbiota Signatures Predict Clinical Outcome and Immune-related Adverse Events in PD-1 Treated Melanoma Patients	SUB10446698	2022-01-06	McCulloch_2022	6.135945681
SRR16168969	PRJNA762360	SAMN21886392	Illumina NovaSeq 6000 sequencing: Metagenomic shotgun sequencing of Fecal sample PD1SS17043dna201907 of human melanoma patient collected on 2017-05-12	WGS	METAGENOMIC	PAIRED	Illumina NovaSeq 6000	30080663	8973913129	1968991483;2052642234	Intestinal Microbiota Signatures Predict Clinical Outcome and Immune-related Adverse Events in PD-1 Treated Melanoma Patients	SUB10446698	2022-01-06	McCulloch_2022	4.021633717
SRR16168985	PRJNA762360	SAMN21886377	Illumina NovaSeq 6000 sequencing: Metagenomic shotgun sequencing of Fecal sample PD117001dna201907 of human melanoma patient collected on 2017-01-13	WGS	METAGENOMIC	PAIRED	Illumina NovaSeq 6000	26614430	7959828030	1711268331;1780502776	Intestinal Microbiota Signatures Predict Clinical Outcome and Immune-related Adverse Events in PD-1 Treated Melanoma Patients	SUB10446698	2022-01-06	McCulloch_2022	3.491771107
SRR16168902	PRJNA762360	SAMN21886453	Illumina NovaSeq 6000 sequencing: Metagenomic shotgun sequencing of Fecal sample PD1TPF1884dna201907 of human melanoma patient collected on 2018-03-12	WGS	METAGENOMIC	PAIRED	Illumina NovaSeq 6000	23283278	6954942469	1517013979;1562020023	Intestinal Microbiota Signatures Predict Clinical Outcome and Immune-related Adverse Events in PD-1 Treated Melanoma Patients	SUB10446698	2022-01-06	McCulloch_2022	3.079034002
SRR16168920	PRJNA762360	SAMN21886374	Illumina NovaSeq 6000 sequencing: Metagenomic shotgun sequencing of Fecal sample PD1TPF17183dna201907 of human melanoma patient collected on 2017-09-06	WGS	METAGENOMIC	PAIRED	Illumina NovaSeq 6000	29534482	8827868987	1918554201;1990144506	Intestinal Microbiota Signatures Predict Clinical Outcome and Immune-related Adverse Events in PD-1 Treated Melanoma Patients	SUB10446698	2022-01-06	McCulloch_2022	3.908698707
SRR16168940	PRJNA762360	SAMN21886418	Illumina NovaSeq 6000 sequencing: Metagenomic shotgun sequencing of Fecal sample PD1SS17063dna201907 of human melanoma patient collected on 2017-10-20	WGS	METAGENOMIC	PAIRED	Illumina NovaSeq 6000	39639231	11825748242	2675768075;2711999022	Intestinal Microbiota Signatures Predict Clinical Outcome and Immune-related Adverse Events in PD-1 Treated Melanoma Patients	SUB10446698	2022-01-06	McCulloch_2022	5.387767097
SRR16168941	PRJNA762360	SAMN21886417	Illumina NovaSeq 6000 sequencing: Metagenomic shotgun sequencing of Fecal sample PD1SS17084dna201907 of human melanoma patient collected on 2017-07-18	WGS	METAGENOMIC	PAIRED	Illumina NovaSeq 6000	21319100	6361968462	1374488602;1452296835	Intestinal Microbiota Signatures Predict Clinical Outcome and Immune-related Adverse Events in PD-1 Treated Melanoma Patients	SUB10446698	2022-01-06	McCulloch_2022	2.826785437
SRR16168974	PRJNA762360	SAMN21886387	Illumina NovaSeq 6000 sequencing: Metagenomic shotgun sequencing of Fecal sample PD124Pittsdna201907 of human melanoma patient collected on 2016-10-05	WGS	METAGENOMIC	PAIRED	Illumina NovaSeq 6000	24762394	7407716711	1638764391;1640795180	Intestinal Microbiota Signatures Predict Clinical Outcome and Immune-related Adverse Events in PD-1 Treated Melanoma Patients	SUB10446698	2022-01-06	McCulloch_2022	3.279559571
SRR16168976	PRJNA762360	SAMN21886386	Illumina NovaSeq 6000 sequencing: Metagenomic shotgun sequencing of Fecal sample PD1SS17081dna201907 of human melanoma patient collected on 2017-07-14	WGS	METAGENOMIC	PAIRED	Illumina NovaSeq 6000	35357033	10523527203	2315655628;2444000309	Intestinal Microbiota Signatures Predict Clinical Outcome and Immune-related Adverse Events in PD-1 Treated Melanoma Patients	SUB10446698	2022-01-06	McCulloch_2022	4.759655937
SRR16554625	PRJNA770295	SAMN22443557	Illumina HiSeq X sequencing: Metagenomic shotgun sequencing of sample W21.236	WGS	METAGENOMIC	PAIRED	Illumina HiSeq X	3383552	976185330	267744583;276876398	Dietary fiber and probiotics impact the gut microbiome and melanoma immunotherapy response	SUB10558940	2021-12-25	Spencer_2021	0.544620981
SRR16554634	PRJNA770295	SAMN22443536	Illumina HiSeq 2000 sequencing: Metagenomic shotgun sequencing of sample W21.215	WGS	METAGENOMIC	PAIRED	Illumina HiSeq 2000	23943442	4695957315	1946141404;1956498163	Dietary fiber and probiotics impact the gut microbiome and melanoma immunotherapy response	SUB10558940	2021-12-25	Spencer_2021	3.902639567
SRR16554637	PRJNA770295	SAMN22443514	Illumina HiSeq X sequencing: Metagenomic shotgun sequencing of sample W21.193	WGS	METAGENOMIC	PAIRED	Illumina HiSeq X	7759211	2265918182	597891244;620341395	Dietary fiber and probiotics impact the gut microbiome and melanoma immunotherapy response	SUB10558940	2021-12-25	Spencer_2021	1.218232639
SRR16554639	PRJNA770295	SAMN22443505	Illumina HiSeq 2000 sequencing: Metagenomic shotgun sequencing of sample W21.184	WGS	METAGENOMIC	PAIRED	Illumina HiSeq 2000	17204387	3332901664	1426692905;1432143661	Dietary fiber and probiotics impact the gut microbiome and melanoma immunotherapy response	SUB10558940	2021-12-25	Spencer_2021	2.858836566
SRR16554649	PRJNA770295	SAMN22443433	Illumina HiSeq X sequencing: Metagenomic shotgun sequencing of sample W21.112	WGS	METAGENOMIC	PAIRED	Illumina HiSeq X	7163754	2088394569	562144140;574465878	Dietary fiber and probiotics impact the gut microbiome and melanoma immunotherapy response	SUB10558940	2021-12-25	Spencer_2021	1.136610018
SRR16554650	PRJNA770295	SAMN22443430	Illumina HiSeq 2000 sequencing: Metagenomic shotgun sequencing of sample W21.109	WGS	METAGENOMIC	PAIRED	Illumina HiSeq 2000	21704178	4280864422	1749792280;1758378612	Dietary fiber and probiotics impact the gut microbiome and melanoma immunotherapy response	SUB10558940	2021-12-25	Spencer_2021	3.508170892
SRR16554651	PRJNA770295	SAMN22443426	Illumina HiSeq 2000 sequencing: Metagenomic shotgun sequencing of sample W21.105	WGS	METAGENOMIC	PAIRED	Illumina HiSeq 2000	23048985	4508029803	1865959633;1881151955	Dietary fiber and probiotics impact the gut microbiome and melanoma immunotherapy response	SUB10558940	2021-12-25	Spencer_2021	3.747111588
SRR16554653	PRJNA770295	SAMN22443328	Illumina HiSeq X sequencing: Metagenomic shotgun sequencing of sample W21.7	WGS	METAGENOMIC	PAIRED	Illumina HiSeq X	4441959	1280756246	374798077;359799597	Dietary fiber and probiotics impact the gut microbiome and melanoma immunotherapy response	SUB10558940	2021-12-25	Spencer_2021	0.734597674
SRR16554655	PRJNA770295	SAMN22443408	Illumina HiSeq 2000 sequencing: Metagenomic shotgun sequencing of sample W21.87	WGS	METAGENOMIC	PAIRED	Illumina HiSeq 2000	22687372	4430835199	1845123658;1824323510	Dietary fiber and probiotics impact the gut microbiome and melanoma immunotherapy response	SUB10558940	2021-12-25	Spencer_2021	3.669447168
SRR16554656	PRJNA770295	SAMN22443405	Illumina HiSeq 2000 sequencing: Metagenomic shotgun sequencing of sample W21.84	WGS	METAGENOMIC	PAIRED	Illumina HiSeq 2000	22468656	4408726173	1830520473;1840938133	Dietary fiber and probiotics impact the gut microbiome and melanoma immunotherapy response	SUB10558940	2021-12-25	Spencer_2021	3.671458606
SRR16554657	PRJNA770295	SAMN22443388	Illumina HiSeq 2000 sequencing: Metagenomic shotgun sequencing of sample W21.67	WGS	METAGENOMIC	PAIRED	Illumina HiSeq 2000	24495798	4826820780	1997040931;2008795122	Dietary fiber and probiotics impact the gut microbiome and melanoma immunotherapy response	SUB10558940	2021-12-25	Spencer_2021	4.005836053
SRR16554668	PRJNA770295	SAMN22443759	Illumina HiSeq X sequencing: Metagenomic shotgun sequencing of sample W21.438	WGS	METAGENOMIC	PAIRED	Illumina HiSeq X	8318974	2418737209	638561821;674399422	Dietary fiber and probiotics impact the gut microbiome and melanoma immunotherapy response	SUB10558940	2021-12-25	Spencer_2021	1.312961243
SRR16554678	PRJNA770295	SAMN22443718	Illumina HiSeq X sequencing: Metagenomic shotgun sequencing of sample W21.397	WGS	METAGENOMIC	PAIRED	Illumina HiSeq X	3687334	1060379241	293442155;300899661	Dietary fiber and probiotics impact the gut microbiome and melanoma immunotherapy response	SUB10558940	2021-12-25	Spencer_2021	0.594341816
SRR16554680	PRJNA770295	SAMN22443712	Illumina HiSeq X sequencing: Metagenomic shotgun sequencing of sample W21.391	WGS	METAGENOMIC	PAIRED	Illumina HiSeq X	4496743	1303005705	357394258;365282318	Dietary fiber and probiotics impact the gut microbiome and melanoma immunotherapy response	SUB10558940	2021-12-25	Spencer_2021	0.722676576
SRR16554687	PRJNA770295	SAMN22443697	Illumina HiSeq X sequencing: Metagenomic shotgun sequencing of sample W21.376	WGS	METAGENOMIC	PAIRED	Illumina HiSeq X	5632396	1631582996	440058423;454111467	Dietary fiber and probiotics impact the gut microbiome and melanoma immunotherapy response	SUB10558940	2021-12-25	Spencer_2021	0.89416989
SRR16554705	PRJNA770295	SAMN22443446	Illumina HiSeq X sequencing: Metagenomic shotgun sequencing of sample W21.125	WGS	METAGENOMIC	PAIRED	Illumina HiSeq X	5094639	1472248703	403476545;413866767	Dietary fiber and probiotics impact the gut microbiome and melanoma immunotherapy response	SUB10558940	2021-12-25	Spencer_2021	0.817343312
SRR16554720	PRJNA770295	SAMN22443696	Illumina HiSeq X sequencing: Metagenomic shotgun sequencing of sample W21.375	WGS	METAGENOMIC	PAIRED	Illumina HiSeq X	5369629	1550605932	423660419;437256787	Dietary fiber and probiotics impact the gut microbiome and melanoma immunotherapy response	SUB10558940	2021-12-25	Spencer_2021	0.860917206
SRR16554726	PRJNA770295	SAMN22443689	Illumina HiSeq X sequencing: Metagenomic shotgun sequencing of sample W21.368	WGS	METAGENOMIC	PAIRED	Illumina HiSeq X	6500957	1891451053	515533960;521604560	Dietary fiber and probiotics impact the gut microbiome and melanoma immunotherapy response	SUB10558940	2021-12-25	Spencer_2021	1.03713852
SRR16554727	PRJNA770295	SAMN22443687	Illumina HiSeq X sequencing: Metagenomic shotgun sequencing of sample W21.366	WGS	METAGENOMIC	PAIRED	Illumina HiSeq X	4062903	1167719541	328051766;326675437	Dietary fiber and probiotics impact the gut microbiome and melanoma immunotherapy response	SUB10558940	2021-12-25	Spencer_2021	0.654727203
SRR16554728	PRJNA770295	SAMN22443684	Illumina HiSeq X sequencing: Metagenomic shotgun sequencing of sample W21.363	WGS	METAGENOMIC	PAIRED	Illumina HiSeq X	3693658	1061553680	292106891;297584987	Dietary fiber and probiotics impact the gut microbiome and melanoma immunotherapy response	SUB10558940	2021-12-25	Spencer_2021	0.589691878
SRR16554737	PRJNA770295	SAMN22443359	Illumina HiSeq 2000 sequencing: Metagenomic shotgun sequencing of sample W21.38	WGS	METAGENOMIC	PAIRED	Illumina HiSeq 2000	26012681	5077334227	2118953551;2097423052	Dietary fiber and probiotics impact the gut microbiome and melanoma immunotherapy response	SUB10558940	2021-12-25	Spencer_2021	4.216376603
SRR16554738	PRJNA770295	SAMN22443395	Illumina HiSeq 2000 sequencing: Metagenomic shotgun sequencing of sample W21.74	WGS	METAGENOMIC	PAIRED	Illumina HiSeq 2000	19887254	3921539506	1622831884;1630152501	Dietary fiber and probiotics impact the gut microbiome and melanoma immunotherapy response	SUB10558940	2021-12-25	Spencer_2021	3.252984385
SRR16554748	PRJNA770295	SAMN22443356	Illumina HiSeq 2000 sequencing: Metagenomic shotgun sequencing of sample W21.35	WGS	METAGENOMIC	PAIRED	Illumina HiSeq 2000	27009060	5305865645	2244566142;2250702770	Dietary fiber and probiotics impact the gut microbiome and melanoma immunotherapy response	SUB10558940	2021-12-25	Spencer_2021	4.495268912
SRR16554754	PRJNA770295	SAMN22443737	Illumina HiSeq X sequencing: Metagenomic shotgun sequencing of sample W21.416	WGS	METAGENOMIC	PAIRED	Illumina HiSeq X	4049611	1172141637	319038060;328489939	Dietary fiber and probiotics impact the gut microbiome and melanoma immunotherapy response	SUB10558940	2021-12-25	Spencer_2021	0.647527999
SRR16554632	PRJNA770295	SAMN22443542	Illumina HiSeq 2000 sequencing: Metagenomic shotgun sequencing of sample W21.221	WGS	METAGENOMIC	PAIRED	Illumina HiSeq 2000	26063328	5115183534	2119333015;2131240665	Dietary fiber and probiotics impact the gut microbiome and melanoma immunotherapy response	SUB10558940	2021-12-25	Spencer_2021	4.25057368
SRR16554635	PRJNA770295	SAMN22443525	Illumina HiSeq X sequencing: Metagenomic shotgun sequencing of sample W21.204	WGS	METAGENOMIC	PAIRED	Illumina HiSeq X	6919483	2009034578	548339583;556984314	Dietary fiber and probiotics impact the gut microbiome and melanoma immunotherapy response	SUB10558940	2021-12-25	Spencer_2021	1.105323897
SRR16554638	PRJNA770295	SAMN22443507	Illumina HiSeq 2000 sequencing: Metagenomic shotgun sequencing of sample W21.186	WGS	METAGENOMIC	PAIRED	Illumina HiSeq 2000	21188397	4133486481	1761033862;1767815666	Dietary fiber and probiotics impact the gut microbiome and melanoma immunotherapy response	SUB10558940	2021-12-25	Spencer_2021	3.528849528
SRR16554643	PRJNA770295	SAMN22443495	Illumina HiSeq X sequencing: Metagenomic shotgun sequencing of sample W21.174	WGS	METAGENOMIC	PAIRED	Illumina HiSeq X	5650908	1618923215	438269173;462299580	Dietary fiber and probiotics impact the gut microbiome and melanoma immunotherapy response	SUB10558940	2021-12-25	Spencer_2021	0.900568753
SRR16554647	PRJNA770295	SAMN22443471	Illumina HiSeq 2000 sequencing: Metagenomic shotgun sequencing of sample W21.150	WGS	METAGENOMIC	PAIRED	Illumina HiSeq 2000	24080709	4746524497	1955975571;1964941692	Dietary fiber and probiotics impact the gut microbiome and melanoma immunotherapy response	SUB10558940	2021-12-25	Spencer_2021	3.920917263
SRR16554654	PRJNA770295	SAMN22443412	Illumina HiSeq 2000 sequencing: Metagenomic shotgun sequencing of sample W21.91	WGS	METAGENOMIC	PAIRED	Illumina HiSeq 2000	24380093	4789835472	1983898779;1999646906	Dietary fiber and probiotics impact the gut microbiome and melanoma immunotherapy response	SUB10558940	2021-12-25	Spencer_2021	3.983545685
SRR16554664	PRJNA770295	SAMN22443325	Illumina HiSeq 2000 sequencing: Metagenomic shotgun sequencing of sample W21.4	WGS	METAGENOMIC	PAIRED	Illumina HiSeq 2000	26750719	5245654603	2222456020;2228344445	Dietary fiber and probiotics impact the gut microbiome and melanoma immunotherapy response	SUB10558940	2021-12-25	Spencer_2021	4.450800465
SRR16554666	PRJNA770295	SAMN22443366	Illumina HiSeq 2000 sequencing: Metagenomic shotgun sequencing of sample W21.45	WGS	METAGENOMIC	PAIRED	Illumina HiSeq 2000	24424825	4805920628	1981975416;1996016330	Dietary fiber and probiotics impact the gut microbiome and melanoma immunotherapy response	SUB10558940	2021-12-25	Spencer_2021	3.977991746
SRR16554671	PRJNA770295	SAMN22443753	Illumina HiSeq X sequencing: Metagenomic shotgun sequencing of sample W21.432	WGS	METAGENOMIC	PAIRED	Illumina HiSeq X	6557245	1878243470	509869198;540843739	Dietary fiber and probiotics impact the gut microbiome and melanoma immunotherapy response	SUB10558940	2021-12-25	Spencer_2021	1.050712937
SRR16554681	PRJNA770295	SAMN22443707	Illumina HiSeq X sequencing: Metagenomic shotgun sequencing of sample W21.386	WGS	METAGENOMIC	PAIRED	Illumina HiSeq X	7586225	2207104584	603132786;611392890	Dietary fiber and probiotics impact the gut microbiome and melanoma immunotherapy response	SUB10558940	2021-12-25	Spencer_2021	1.214525676
SRR16554684	PRJNA770295	SAMN22443700	Illumina HiSeq X sequencing: Metagenomic shotgun sequencing of sample W21.379	WGS	METAGENOMIC	PAIRED	Illumina HiSeq X	7534252	2196066847	579233016;595159698	Dietary fiber and probiotics impact the gut microbiome and melanoma immunotherapy response	SUB10558940	2021-12-25	Spencer_2021	1.174392714
SRR16554689	PRJNA770295	SAMN22443681	Illumina HiSeq X sequencing: Metagenomic shotgun sequencing of sample W21.360	WGS	METAGENOMIC	PAIRED	Illumina HiSeq X	4705801	1362362430	364112602;374603054	Dietary fiber and probiotics impact the gut microbiome and melanoma immunotherapy response	SUB10558940	2021-12-25	Spencer_2021	0.738715656
SRR16554698	PRJNA770295	SAMN22443503	Illumina HiSeq X sequencing: Metagenomic shotgun sequencing of sample W21.182	WGS	METAGENOMIC	PAIRED	Illumina HiSeq X	2906881	823010162	227880079;237348645	Dietary fiber and probiotics impact the gut microbiome and melanoma immunotherapy response	SUB10558940	2021-12-25	Spencer_2021	0.465228724
SRR16554717	PRJNA770295	SAMN22443710	Illumina HiSeq X sequencing: Metagenomic shotgun sequencing of sample W21.389	WGS	METAGENOMIC	PAIRED	Illumina HiSeq X	9090424	2647523695	713364394;729911041	Dietary fiber and probiotics impact the gut microbiome and melanoma immunotherapy response	SUB10558940	2021-12-25	Spencer_2021	1.443275435
SRR16554722	PRJNA770295	SAMN22443694	Illumina HiSeq X sequencing: Metagenomic shotgun sequencing of sample W21.373	WGS	METAGENOMIC	PAIRED	Illumina HiSeq X	7641132	2213370687	593888514;622950420	Dietary fiber and probiotics impact the gut microbiome and melanoma immunotherapy response	SUB10558940	2021-12-25	Spencer_2021	1.216838934
SRR16554724	PRJNA770295	SAMN22443693	Illumina HiSeq X sequencing: Metagenomic shotgun sequencing of sample W21.372	WGS	METAGENOMIC	PAIRED	Illumina HiSeq X	7143113	2080613451	555073528;575319115	Dietary fiber and probiotics impact the gut microbiome and melanoma immunotherapy response	SUB10558940	2021-12-25	Spencer_2021	1.130392643
SRR16554731	PRJNA770295	SAMN22443415	Illumina HiSeq X sequencing: Metagenomic shotgun sequencing of sample W21.94	WGS	METAGENOMIC	PAIRED	Illumina HiSeq X	4436878	1270544397	346160623;362420171	Dietary fiber and probiotics impact the gut microbiome and melanoma immunotherapy response	SUB10558940	2021-12-25	Spencer_2021	0.708580794
SRR16554734	PRJNA770295	SAMN22443401	Illumina HiSeq X sequencing: Metagenomic shotgun sequencing of sample W21.80	WGS	METAGENOMIC	PAIRED	Illumina HiSeq X	7418551	2152139255	579854945;601062920	Dietary fiber and probiotics impact the gut microbiome and melanoma immunotherapy response	SUB10558940	2021-12-25	Spencer_2021	1.180917865
SRR16554747	PRJNA770295	SAMN22443755	Illumina HiSeq X sequencing: Metagenomic shotgun sequencing of sample W21.434	WGS	METAGENOMIC	PAIRED	Illumina HiSeq X	7312811	2115655482	557152975;600781785	Dietary fiber and probiotics impact the gut microbiome and melanoma immunotherapy response	SUB10558940	2021-12-25	Spencer_2021	1.15793476
SRR16554750	PRJNA770295	SAMN22443746	Illumina HiSeq X sequencing: Metagenomic shotgun sequencing of sample W21.425	WGS	METAGENOMIC	PAIRED	Illumina HiSeq X	6246114	1799833348	483708846;515059293	Dietary fiber and probiotics impact the gut microbiome and melanoma immunotherapy response	SUB10558940	2021-12-25	Spencer_2021	0.998768139
SRR16554624	PRJNA770295	SAMN22443558	Illumina HiSeq 2000 sequencing: Metagenomic shotgun sequencing of sample W21.237	WGS	METAGENOMIC	PAIRED	Illumina HiSeq 2000	17024652	3371546297	1397122408;1387899171	Dietary fiber and probiotics impact the gut microbiome and melanoma immunotherapy response	SUB10558940	2021-12-25	Spencer_2021	2.785021579
SRR16554628	PRJNA770295	SAMN22443549	Illumina HiSeq 2000 sequencing: Metagenomic shotgun sequencing of sample W21.228	WGS	METAGENOMIC	PAIRED	Illumina HiSeq 2000	23441560	4612203822	1912374140;1922649620	Dietary fiber and probiotics impact the gut microbiome and melanoma immunotherapy response	SUB10558940	2021-12-25	Spencer_2021	3.83502376
SRR16554630	PRJNA770295	SAMN22443545	Illumina HiSeq 2000 sequencing: Metagenomic shotgun sequencing of sample W21.224	WGS	METAGENOMIC	PAIRED	Illumina HiSeq 2000	21318914	4192616232	1728628879;1732356253	Dietary fiber and probiotics impact the gut microbiome and melanoma immunotherapy response	SUB10558940	2021-12-25	Spencer_2021	3.460985132
SRR16554641	PRJNA770295	SAMN22443500	Illumina HiSeq 2000 sequencing: Metagenomic shotgun sequencing of sample W21.179	WGS	METAGENOMIC	PAIRED	Illumina HiSeq 2000	25461049	5023618593	2062885157;2080390868	Dietary fiber and probiotics impact the gut microbiome and melanoma immunotherapy response	SUB10558940	2021-12-25	Spencer_2021	4.143276025
SRR16554645	PRJNA770295	SAMN22443479	Illumina HiSeq X sequencing: Metagenomic shotgun sequencing of sample W21.158	WGS	METAGENOMIC	PAIRED	Illumina HiSeq X	5339394	1543560013	419892854;432898302	Dietary fiber and probiotics impact the gut microbiome and melanoma immunotherapy response	SUB10558940	2021-12-25	Spencer_2021	0.852791156
SRR16554646	PRJNA770295	SAMN22443476	Illumina HiSeq X sequencing: Metagenomic shotgun sequencing of sample W21.155	WGS	METAGENOMIC	PAIRED	Illumina HiSeq X	4673870	1337033618	368220743;376163688	Dietary fiber and probiotics impact the gut microbiome and melanoma immunotherapy response	SUB10558940	2021-12-25	Spencer_2021	0.744384431
SRR16554672	PRJNA770295	SAMN22443745	Illumina HiSeq X sequencing: Metagenomic shotgun sequencing of sample W21.424	WGS	METAGENOMIC	PAIRED	Illumina HiSeq X	5831815	1689765848	462769703;469713067	Dietary fiber and probiotics impact the gut microbiome and melanoma immunotherapy response	SUB10558940	2021-12-25	Spencer_2021	0.93248277
SRR16554674	PRJNA770295	SAMN22443742	Illumina HiSeq X sequencing: Metagenomic shotgun sequencing of sample W21.421	WGS	METAGENOMIC	PAIRED	Illumina HiSeq X	6027815	1745923546	476454615;484869732	Dietary fiber and probiotics impact the gut microbiome and melanoma immunotherapy response	SUB10558940	2021-12-25	Spencer_2021	0.961324347
SRR16554679	PRJNA770295	SAMN22443713	Illumina HiSeq X sequencing: Metagenomic shotgun sequencing of sample W21.392	WGS	METAGENOMIC	PAIRED	Illumina HiSeq X	6486184	1869299285	501047807;532338173	Dietary fiber and probiotics impact the gut microbiome and melanoma immunotherapy response	SUB10558940	2021-12-25	Spencer_2021	1.03338598
SRR16554704	PRJNA770295	SAMN22443448	Illumina HiSeq X sequencing: Metagenomic shotgun sequencing of sample W21.127	WGS	METAGENOMIC	PAIRED	Illumina HiSeq X	4274759	1238404106	334232885;343906427	Dietary fiber and probiotics impact the gut microbiome and melanoma immunotherapy response	SUB10558940	2021-12-25	Spencer_2021	0.678139312
SRR16554713	PRJNA770295	SAMN22443726	Illumina HiSeq X sequencing: Metagenomic shotgun sequencing of sample W21.405	WGS	METAGENOMIC	PAIRED	Illumina HiSeq X	9894542	2926489155	761356227;761105196	Dietary fiber and probiotics impact the gut microbiome and melanoma immunotherapy response	SUB10558940	2021-12-25	Spencer_2021	1.522461423
SRR16554716	PRJNA770295	SAMN22443711	Illumina HiSeq X sequencing: Metagenomic shotgun sequencing of sample W21.390	WGS	METAGENOMIC	PAIRED	Illumina HiSeq X	7119571	2073252246	561253157;573532922	Dietary fiber and probiotics impact the gut microbiome and melanoma immunotherapy response	SUB10558940	2021-12-25	Spencer_2021	1.134786079
SRR16554730	PRJNA770295	SAMN22443671	Illumina HiSeq 2000 sequencing: Metagenomic shotgun sequencing of sample W21.350	WGS	METAGENOMIC	PAIRED	Illumina HiSeq 2000	21582129	4257353753	1734571203;1745568012	Dietary fiber and probiotics impact the gut microbiome and melanoma immunotherapy response	SUB10558940	2021-12-25	Spencer_2021	3.480139215
SRR16554740	PRJNA770295	SAMN22443352	Illumina HiSeq X sequencing: Metagenomic shotgun sequencing of sample W21.31	WGS	METAGENOMIC	PAIRED	Illumina HiSeq X	7921529	2292768240	618660841;640202004	Dietary fiber and probiotics impact the gut microbiome and melanoma immunotherapy response	SUB10558940	2021-12-25	Spencer_2021	1.258862845
SRR16554743	PRJNA770295	SAMN22443343	Illumina HiSeq X sequencing: Metagenomic shotgun sequencing of sample W21.22	WGS	METAGENOMIC	PAIRED	Illumina HiSeq X	12337473	3600947870	978610283;988728981	Dietary fiber and probiotics impact the gut microbiome and melanoma immunotherapy response	SUB10558940	2021-12-25	Spencer_2021	1.967339264
SRR16554627	PRJNA770295	SAMN22443550	Illumina HiSeq 2000 sequencing: Metagenomic shotgun sequencing of sample W21.229	WGS	METAGENOMIC	PAIRED	Illumina HiSeq 2000	23212916	4552903186	1874495766;1886708677	Dietary fiber and probiotics impact the gut microbiome and melanoma immunotherapy response	SUB10558940	2021-12-25	Spencer_2021	3.761204443
SRR16554640	PRJNA770295	SAMN22443502	Illumina HiSeq 2000 sequencing: Metagenomic shotgun sequencing of sample W21.181	WGS	METAGENOMIC	PAIRED	Illumina HiSeq 2000	21367896	4210339578	1723787720;1733169591	Dietary fiber and probiotics impact the gut microbiome and melanoma immunotherapy response	SUB10558940	2021-12-25	Spencer_2021	3.456957311
SRR16554648	PRJNA770295	SAMN22443434	Illumina HiSeq X sequencing: Metagenomic shotgun sequencing of sample W21.113	WGS	METAGENOMIC	PAIRED	Illumina HiSeq X	5729507	1674045526	444192413;459198554	Dietary fiber and probiotics impact the gut microbiome and melanoma immunotherapy response	SUB10558940	2021-12-25	Spencer_2021	0.903390967
SRR16554659	PRJNA770295	SAMN22443381	Illumina HiSeq 2000 sequencing: Metagenomic shotgun sequencing of sample W21.60	WGS	METAGENOMIC	PAIRED	Illumina HiSeq 2000	19972135	3939778931	1621569365;1629601278	Dietary fiber and probiotics impact the gut microbiome and melanoma immunotherapy response	SUB10558940	2021-12-25	Spencer_2021	3.251170643
SRR16554660	PRJNA770295	SAMN22443375	Illumina HiSeq 2000 sequencing: Metagenomic shotgun sequencing of sample W21.54	WGS	METAGENOMIC	PAIRED	Illumina HiSeq 2000	21829343	4263953577	1806649422;1812125331	Dietary fiber and probiotics impact the gut microbiome and melanoma immunotherapy response	SUB10558940	2021-12-25	Spencer_2021	3.618774753
SRR16554662	PRJNA770295	SAMN22443372	Illumina HiSeq X sequencing: Metagenomic shotgun sequencing of sample W21.51	WGS	METAGENOMIC	PAIRED	Illumina HiSeq X	4551414	1311448723	360768809;369057349	Dietary fiber and probiotics impact the gut microbiome and melanoma immunotherapy response	SUB10558940	2021-12-25	Spencer_2021	0.729826158
SRR16554665	PRJNA770295	SAMN22443368	Illumina HiSeq 2000 sequencing: Metagenomic shotgun sequencing of sample W21.47	WGS	METAGENOMIC	PAIRED	Illumina HiSeq 2000	23870133	4698467055	1948339746;1959293368	Dietary fiber and probiotics impact the gut microbiome and melanoma immunotherapy response	SUB10558940	2021-12-25	Spencer_2021	3.907633114
SRR16554667	PRJNA770295	SAMN22443364	Illumina HiSeq X sequencing: Metagenomic shotgun sequencing of sample W21.43	WGS	METAGENOMIC	PAIRED	Illumina HiSeq X	9599498	2821102546	735264747;744454721	Dietary fiber and probiotics impact the gut microbiome and melanoma immunotherapy response	SUB10558940	2021-12-25	Spencer_2021	1.479719468
SRR16554669	PRJNA770295	SAMN22443757	Illumina HiSeq X sequencing: Metagenomic shotgun sequencing of sample W21.436	WGS	METAGENOMIC	PAIRED	Illumina HiSeq X	9512303	2725869025	743923870;792347870	Dietary fiber and probiotics impact the gut microbiome and melanoma immunotherapy response	SUB10558940	2021-12-25	Spencer_2021	1.53627174
SRR16554670	PRJNA770295	SAMN22443756	Illumina HiSeq X sequencing: Metagenomic shotgun sequencing of sample W21.435	WGS	METAGENOMIC	PAIRED	Illumina HiSeq X	6529910	1890120874	497024911;532759487	Dietary fiber and probiotics impact the gut microbiome and melanoma immunotherapy response	SUB10558940	2021-12-25	Spencer_2021	1.029784398
SRR16554675	PRJNA770295	SAMN22443363	Illumina HiSeq X sequencing: Metagenomic shotgun sequencing of sample W21.42	WGS	METAGENOMIC	PAIRED	Illumina HiSeq X	6162067	1780259242	480844424;501280247	Dietary fiber and probiotics impact the gut microbiome and melanoma immunotherapy response	SUB10558940	2021-12-25	Spencer_2021	0.982124671
SRR16554686	PRJNA770295	SAMN22443362	Illumina HiSeq 2000 sequencing: Metagenomic shotgun sequencing of sample W21.41	WGS	METAGENOMIC	PAIRED	Illumina HiSeq 2000	25662732	5059205810	2089642383;2099051843	Dietary fiber and probiotics impact the gut microbiome and melanoma immunotherapy response	SUB10558940	2021-12-25	Spencer_2021	4.188694226
SRR16554691	PRJNA770295	SAMN22443572	Illumina HiSeq X sequencing: Metagenomic shotgun sequencing of sample W21.251	WGS	METAGENOMIC	PAIRED	Illumina HiSeq X	4882253	1410270394	388513136;393508577	Dietary fiber and probiotics impact the gut microbiome and melanoma immunotherapy response	SUB10558940	2021-12-25	Spencer_2021	0.782021713
SRR16554697	PRJNA770295	SAMN22443361	Illumina HiSeq X sequencing: Metagenomic shotgun sequencing of sample W21.40	WGS	METAGENOMIC	PAIRED	Illumina HiSeq X	5946165	1722578284	473315326;480927062	Dietary fiber and probiotics impact the gut microbiome and melanoma immunotherapy response	SUB10558940	2021-12-25	Spencer_2021	0.954242388
SRR16554708	PRJNA770295	SAMN22443360	Illumina HiSeq X sequencing: Metagenomic shotgun sequencing of sample W21.39	WGS	METAGENOMIC	PAIRED	Illumina HiSeq X	6673874	1917198182	520952001;553001896	Dietary fiber and probiotics impact the gut microbiome and melanoma immunotherapy response	SUB10558940	2021-12-25	Spencer_2021	1.073953897
SRR16554714	PRJNA770295	SAMN22443725	Illumina HiSeq X sequencing: Metagenomic shotgun sequencing of sample W21.404	WGS	METAGENOMIC	PAIRED	Illumina HiSeq X	7193057	2094170080	563445818;583119604	Dietary fiber and probiotics impact the gut microbiome and melanoma immunotherapy response	SUB10558940	2021-12-25	Spencer_2021	1.146565422
SRR16554744	PRJNA770295	SAMN22443336	Illumina HiSeq 2000 sequencing: Metagenomic shotgun sequencing of sample W21.15	WGS	METAGENOMIC	PAIRED	Illumina HiSeq 2000	24891630	4889779508	2026962375;2040829959	Dietary fiber and probiotics impact the gut microbiome and melanoma immunotherapy response	SUB10558940	2021-12-25	Spencer_2021	4.067792334
SRR16554749	PRJNA770295	SAMN22443749	Illumina HiSeq X sequencing: Metagenomic shotgun sequencing of sample W21.428	WGS	METAGENOMIC	PAIRED	Illumina HiSeq X	8546947	2467279870	656991759;696729584	Dietary fiber and probiotics impact the gut microbiome and melanoma immunotherapy response	SUB10558940	2021-12-25	Spencer_2021	1.353721343
SRR16554626	PRJNA770295	SAMN22443551	Illumina HiSeq X sequencing: Metagenomic shotgun sequencing of sample W21.230	WGS	METAGENOMIC	PAIRED	Illumina HiSeq X	7547911	2193025456	584031733;604187498	Dietary fiber and probiotics impact the gut microbiome and melanoma immunotherapy response	SUB10558940	2021-12-25	Spencer_2021	1.188219231
SRR16554631	PRJNA770295	SAMN22443339	Illumina HiSeq X sequencing: Metagenomic shotgun sequencing of sample W21.18	WGS	METAGENOMIC	PAIRED	Illumina HiSeq X	4737823	1367506056	375117538;384121560	Dietary fiber and probiotics impact the gut microbiome and melanoma immunotherapy response	SUB10558940	2021-12-25	Spencer_2021	0.759239098
SRR16554633	PRJNA770295	SAMN22443537	Illumina HiSeq 2000 sequencing: Metagenomic shotgun sequencing of sample W21.216	WGS	METAGENOMIC	PAIRED	Illumina HiSeq 2000	22728785	4487744150	1844377860;1856778887	Dietary fiber and probiotics impact the gut microbiome and melanoma immunotherapy response	SUB10558940	2021-12-25	Spencer_2021	3.701156747
SRR16554636	PRJNA770295	SAMN22443522	Illumina HiSeq 2000 sequencing: Metagenomic shotgun sequencing of sample W21.201	WGS	METAGENOMIC	PAIRED	Illumina HiSeq 2000	20514956	3988268343	1653300643;1664693743	Dietary fiber and probiotics impact the gut microbiome and melanoma immunotherapy response	SUB10558940	2021-12-25	Spencer_2021	3.317994386
SRR16554642	PRJNA770295	SAMN22443335	Illumina HiSeq X sequencing: Metagenomic shotgun sequencing of sample W21.14	WGS	METAGENOMIC	PAIRED	Illumina HiSeq X	5287443	1533634252	413389459;427057750	Dietary fiber and probiotics impact the gut microbiome and melanoma immunotherapy response	SUB10558940	2021-12-25	Spencer_2021	0.840447209
SRR16554644	PRJNA770295	SAMN22443484	Illumina HiSeq X sequencing: Metagenomic shotgun sequencing of sample W21.163	WGS	METAGENOMIC	PAIRED	Illumina HiSeq X	3907000	1126927379	310767670;315846110	Dietary fiber and probiotics impact the gut microbiome and melanoma immunotherapy response	SUB10558940	2021-12-25	Spencer_2021	0.62661378
SRR16554652	PRJNA770295	SAMN22443423	Illumina HiSeq 2000 sequencing: Metagenomic shotgun sequencing of sample W21.102	WGS	METAGENOMIC	PAIRED	Illumina HiSeq 2000	32591759	6368745938	2670624482;2688078033	Dietary fiber and probiotics impact the gut microbiome and melanoma immunotherapy response	SUB10558940	2021-12-25	Spencer_2021	5.358702515
SRR16554658	PRJNA770295	SAMN22443382	Illumina HiSeq X sequencing: Metagenomic shotgun sequencing of sample W21.61	WGS	METAGENOMIC	PAIRED	Illumina HiSeq X	7589965	2196920119	590243116;618753684	Dietary fiber and probiotics impact the gut microbiome and melanoma immunotherapy response	SUB10558940	2021-12-25	Spencer_2021	1.2089968
SRR16554663	PRJNA770295	SAMN22443371	Illumina HiSeq X sequencing: Metagenomic shotgun sequencing of sample W21.50	WGS	METAGENOMIC	PAIRED	Illumina HiSeq X	7245138	2107867916	564169238;582046370	Dietary fiber and probiotics impact the gut microbiome and melanoma immunotherapy response	SUB10558940	2021-12-25	Spencer_2021	1.146215608
SRR16554673	PRJNA770295	SAMN22443744	Illumina HiSeq X sequencing: Metagenomic shotgun sequencing of sample W21.423	WGS	METAGENOMIC	PAIRED	Illumina HiSeq X	4906295	1421209389	384363919;398788904	Dietary fiber and probiotics impact the gut microbiome and melanoma immunotherapy response	SUB10558940	2021-12-25	Spencer_2021	0.783152823
SRR16554715	PRJNA770295	SAMN22443720	Illumina HiSeq X sequencing: Metagenomic shotgun sequencing of sample W21.399	WGS	METAGENOMIC	PAIRED	Illumina HiSeq X	7089441	2056729931	559524781;576940781	Dietary fiber and probiotics impact the gut microbiome and melanoma immunotherapy response	SUB10558940	2021-12-25	Spencer_2021	1.136465562
SRR16554718	PRJNA770295	SAMN22443702	Illumina HiSeq X sequencing: Metagenomic shotgun sequencing of sample W21.381	WGS	METAGENOMIC	PAIRED	Illumina HiSeq X	6357096	1868960476	491147282;491374107	Dietary fiber and probiotics impact the gut microbiome and melanoma immunotherapy response	SUB10558940	2021-12-25	Spencer_2021	0.982521389
SRR16554719	PRJNA770295	SAMN22443701	Illumina HiSeq X sequencing: Metagenomic shotgun sequencing of sample W21.380	WGS	METAGENOMIC	PAIRED	Illumina HiSeq X	4865018	1413693282	380146829;386095964	Dietary fiber and probiotics impact the gut microbiome and melanoma immunotherapy response	SUB10558940	2021-12-25	Spencer_2021	0.766242793
SRR16554721	PRJNA770295	SAMN22443695	Illumina HiSeq X sequencing: Metagenomic shotgun sequencing of sample W21.374	WGS	METAGENOMIC	PAIRED	Illumina HiSeq X	6433382	1866992646	501948620;512046650	Dietary fiber and probiotics impact the gut microbiome and melanoma immunotherapy response	SUB10558940	2021-12-25	Spencer_2021	1.01399527
SRR16554723	PRJNA770295	SAMN22443353	Illumina HiSeq X sequencing: Metagenomic shotgun sequencing of sample W21.32	WGS	METAGENOMIC	PAIRED	Illumina HiSeq X	6220397	1797741531	499503130;505637165	Dietary fiber and probiotics impact the gut microbiome and melanoma immunotherapy response	SUB10558940	2021-12-25	Spencer_2021	1.005140295
SRR16554725	PRJNA770295	SAMN22443692	Illumina HiSeq X sequencing: Metagenomic shotgun sequencing of sample W21.371	WGS	METAGENOMIC	PAIRED	Illumina HiSeq X	5231863	1514469615	410389889;421581340	Dietary fiber and probiotics impact the gut microbiome and melanoma immunotherapy response	SUB10558940	2021-12-25	Spencer_2021	0.831971229
SRR16554729	PRJNA770295	SAMN22443682	Illumina HiSeq X sequencing: Metagenomic shotgun sequencing of sample W21.361	WGS	METAGENOMIC	PAIRED	Illumina HiSeq X	5397342	1567837216	417212219;432913407	Dietary fiber and probiotics impact the gut microbiome and melanoma immunotherapy response	SUB10558940	2021-12-25	Spencer_2021	0.850125626
SRR16554732	PRJNA770295	SAMN22443414	Illumina HiSeq X sequencing: Metagenomic shotgun sequencing of sample W21.93	WGS	METAGENOMIC	PAIRED	Illumina HiSeq X	4364691	1244694081	339446571;363356330	Dietary fiber and probiotics impact the gut microbiome and melanoma immunotherapy response	SUB10558940	2021-12-25	Spencer_2021	0.702802901
SRR16554751	PRJNA770295	SAMN22443743	Illumina HiSeq X sequencing: Metagenomic shotgun sequencing of sample W21.422	WGS	METAGENOMIC	PAIRED	Illumina HiSeq X	5612974	1629343739	445846472;452809831	Dietary fiber and probiotics impact the gut microbiome and melanoma immunotherapy response	SUB10558940	2021-12-25	Spencer_2021	0.898656303
SRR16554752	PRJNA770295	SAMN22443739	Illumina HiSeq X sequencing: Metagenomic shotgun sequencing of sample W21.418	WGS	METAGENOMIC	PAIRED	Illumina HiSeq X	4449996	1283741547	349919028;358625366	Dietary fiber and probiotics impact the gut microbiome and melanoma immunotherapy response	SUB10558940	2021-12-25	Spencer_2021	0.708544394
SRR16554753	PRJNA770295	SAMN22443738	Illumina HiSeq X sequencing: Metagenomic shotgun sequencing of sample W21.417	WGS	METAGENOMIC	PAIRED	Illumina HiSeq X	4793999	1380682192	380456333;390860944	Dietary fiber and probiotics impact the gut microbiome and melanoma immunotherapy response	SUB10558940	2021-12-25	Spencer_2021	0.771317277
SRR16554755	PRJNA770295	SAMN22443734	Illumina HiSeq X sequencing: Metagenomic shotgun sequencing of sample W21.413	WGS	METAGENOMIC	PAIRED	Illumina HiSeq X	7585309	2207134611	598323341;613407541	Dietary fiber and probiotics impact the gut microbiome and melanoma immunotherapy response	SUB10558940	2021-12-25	Spencer_2021	1.211730882
SRR16554756	PRJNA770295	SAMN22443731	Illumina HiSeq X sequencing: Metagenomic shotgun sequencing of sample W21.410	WGS	METAGENOMIC	PAIRED	Illumina HiSeq X	4768691	1376159302	376974528;386643855	Dietary fiber and probiotics impact the gut microbiome and melanoma immunotherapy response	SUB10558940	2021-12-25	Spencer_2021	0.763618383
SRR16554761	PRJNA770295	SAMN22443323	Illumina HiSeq X sequencing: Metagenomic shotgun sequencing of sample W21.2	WGS	METAGENOMIC	PAIRED	Illumina HiSeq X	7080742	2059421556	559277553;572837130	Dietary fiber and probiotics impact the gut microbiome and melanoma immunotherapy response	SUB10558940	2021-12-25	Spencer_2021	1.132114683
SRR16554770	PRJNA770295	SAMN22443629	Illumina HiSeq X sequencing: Metagenomic shotgun sequencing of sample W21.308	WGS	METAGENOMIC	PAIRED	Illumina HiSeq X	9265688	2702751129	714748673;757678023	Dietary fiber and probiotics impact the gut microbiome and melanoma immunotherapy response	SUB10558940	2021-12-25	Spencer_2021	1.472426696
SRR16554783	PRJNA770295	SAMN22443580	Illumina HiSeq X sequencing: Metagenomic shotgun sequencing of sample W21.259	WGS	METAGENOMIC	PAIRED	Illumina HiSeq X	3655372	1041665579	339087499;296936056	Dietary fiber and probiotics impact the gut microbiome and melanoma immunotherapy response	SUB10558940	2021-12-25	Spencer_2021	0.636023555
SRR16554785	PRJNA770295	SAMN22443578	Illumina HiSeq 2000 sequencing: Metagenomic shotgun sequencing of sample W21.257	WGS	METAGENOMIC	PAIRED	Illumina HiSeq 2000	23323242	4518787991	1892313091;1871921896	Dietary fiber and probiotics impact the gut microbiome and melanoma immunotherapy response	SUB10558940	2021-12-25	Spencer_2021	3.764234987
SRR16554788	PRJNA770295	SAMN22443567	Illumina HiSeq 2000 sequencing: Metagenomic shotgun sequencing of sample W21.246	WGS	METAGENOMIC	PAIRED	Illumina HiSeq 2000	20988910	4133254187	1689732695;1701229290	Dietary fiber and probiotics impact the gut microbiome and melanoma immunotherapy response	SUB10558940	2021-12-25	Spencer_2021	3.390961985
SRR16554763	PRJNA770295	SAMN22443661	Illumina HiSeq X sequencing: Metagenomic shotgun sequencing of sample W21.340	WGS	METAGENOMIC	PAIRED	Illumina HiSeq X	6923501	2004177164	540837199;556142355	Dietary fiber and probiotics impact the gut microbiome and melanoma immunotherapy response	SUB10558940	2021-12-25	Spencer_2021	1.096979554
SRR16554765	PRJNA770295	SAMN22443351	Illumina HiSeq X sequencing: Metagenomic shotgun sequencing of sample W21.30	WGS	METAGENOMIC	PAIRED	Illumina HiSeq X	6824839	1974638258	537345909;557418063	Dietary fiber and probiotics impact the gut microbiome and melanoma immunotherapy response	SUB10558940	2021-12-25	Spencer_2021	1.094763972
SRR16554775	PRJNA770295	SAMN22443617	Illumina HiSeq X sequencing: Metagenomic shotgun sequencing of sample W21.296	WGS	METAGENOMIC	PAIRED	Illumina HiSeq X	5280617	1533695976	415829804;426801380	Dietary fiber and probiotics impact the gut microbiome and melanoma immunotherapy response	SUB10558940	2021-12-25	Spencer_2021	0.842631184
SRR16554779	PRJNA770295	SAMN22443609	Illumina HiSeq 2000 sequencing: Metagenomic shotgun sequencing of sample W21.288	WGS	METAGENOMIC	PAIRED	Illumina HiSeq 2000	22880073	4498826728	1862002229;1870248223	Dietary fiber and probiotics impact the gut microbiome and melanoma immunotherapy response	SUB10558940	2021-12-25	Spencer_2021	3.732250452
SRR16554781	PRJNA770295	SAMN22443595	Illumina HiSeq 2000 sequencing: Metagenomic shotgun sequencing of sample W21.274	WGS	METAGENOMIC	PAIRED	Illumina HiSeq 2000	21569071	4214343135	1756399615;1744103825	Dietary fiber and probiotics impact the gut microbiome and melanoma immunotherapy response	SUB10558940	2021-12-25	Spencer_2021	3.50050344
SRR16554782	PRJNA770295	SAMN22443582	Illumina HiSeq X sequencing: Metagenomic shotgun sequencing of sample W21.261	WGS	METAGENOMIC	PAIRED	Illumina HiSeq X	5189107	1499268307	415856367;425301923	Dietary fiber and probiotics impact the gut microbiome and melanoma immunotherapy response	SUB10558940	2021-12-25	Spencer_2021	0.84115829
SRR16554784	PRJNA770295	SAMN22443579	Illumina HiSeq 2000 sequencing: Metagenomic shotgun sequencing of sample W21.258	WGS	METAGENOMIC	PAIRED	Illumina HiSeq 2000	23162174	4510796194	1888672028;1868642020	Dietary fiber and probiotics impact the gut microbiome and melanoma immunotherapy response	SUB10558940	2021-12-25	Spencer_2021	3.757314048
SRR16554786	PRJNA770295	SAMN22443573	Illumina HiSeq 2000 sequencing: Metagenomic shotgun sequencing of sample W21.252	WGS	METAGENOMIC	PAIRED	Illumina HiSeq 2000	26611780	5199243288	2209669375;2219459622	Dietary fiber and probiotics impact the gut microbiome and melanoma immunotherapy response	SUB10558940	2021-12-25	Spencer_2021	4.429128997
SRR16554762	PRJNA770295	SAMN22443669	Illumina HiSeq X sequencing: Metagenomic shotgun sequencing of sample W21.348	WGS	METAGENOMIC	PAIRED	Illumina HiSeq X	7291148	2108416519	572072892;592149146	Dietary fiber and probiotics impact the gut microbiome and melanoma immunotherapy response	SUB10558940	2021-12-25	Spencer_2021	1.164222038
SRR16554772	PRJNA770295	SAMN22443624	Illumina HiSeq X sequencing: Metagenomic shotgun sequencing of sample W21.303	WGS	METAGENOMIC	PAIRED	Illumina HiSeq X	6867377	1987313657	541495623;557652245	Dietary fiber and probiotics impact the gut microbiome and melanoma immunotherapy response	SUB10558940	2021-12-25	Spencer_2021	1.099147868
SRR16554773	PRJNA770295	SAMN22443622	Illumina HiSeq 2000 sequencing: Metagenomic shotgun sequencing of sample W21.301	WGS	METAGENOMIC	PAIRED	Illumina HiSeq 2000	24749708	4855506398	2032651303;2044669489	Dietary fiber and probiotics impact the gut microbiome and melanoma immunotherapy response	SUB10558940	2021-12-25	Spencer_2021	4.077320792
SRR16554778	PRJNA770295	SAMN22443612	Illumina HiSeq 2000 sequencing: Metagenomic shotgun sequencing of sample W21.291	WGS	METAGENOMIC	PAIRED	Illumina HiSeq 2000	14779213	2905277889	1206617071;1210770361	Dietary fiber and probiotics impact the gut microbiome and melanoma immunotherapy response	SUB10558940	2021-12-25	Spencer_2021	2.417387432
SRR16554780	PRJNA770295	SAMN22443597	Illumina HiSeq 2000 sequencing: Metagenomic shotgun sequencing of sample W21.276	WGS	METAGENOMIC	PAIRED	Illumina HiSeq 2000	19400988	3824424274	1561653540;1569795085	Dietary fiber and probiotics impact the gut microbiome and melanoma immunotherapy response	SUB10558940	2021-12-25	Spencer_2021	3.131448625
SRR16554789	PRJNA770295	SAMN22443566	Illumina HiSeq 2000 sequencing: Metagenomic shotgun sequencing of sample W21.245	WGS	METAGENOMIC	PAIRED	Illumina HiSeq 2000	23502129	4627074545	1906552345;1917415670	Dietary fiber and probiotics impact the gut microbiome and melanoma immunotherapy response	SUB10558940	2021-12-25	Spencer_2021	3.823968015
SRR16554790	PRJNA770295	SAMN22443559	Illumina HiSeq 2000 sequencing: Metagenomic shotgun sequencing of sample W21.238	WGS	METAGENOMIC	PAIRED	Illumina HiSeq 2000	24341758	4804394984	1985697137;1992052389	Dietary fiber and probiotics impact the gut microbiome and melanoma immunotherapy response	SUB10558940	2021-12-25	Spencer_2021	3.977749526
SRR16554764	PRJNA770295	SAMN22443652	Illumina HiSeq X sequencing: Metagenomic shotgun sequencing of sample W21.331	WGS	METAGENOMIC	PAIRED	Illumina HiSeq X	4077085	1169229178	313963914;335667575	Dietary fiber and probiotics impact the gut microbiome and melanoma immunotherapy response	SUB10558940	2021-12-25	Spencer_2021	0.649631489
SRR16554768	PRJNA770295	SAMN22443640	Illumina HiSeq X sequencing: Metagenomic shotgun sequencing of sample W21.319	WGS	METAGENOMIC	PAIRED	Illumina HiSeq X	7769829	2274068239	621858892;613206337	Dietary fiber and probiotics impact the gut microbiome and melanoma immunotherapy response	SUB10558940	2021-12-25	Spencer_2021	1.235065229
SRR16554769	PRJNA770295	SAMN22443636	Illumina HiSeq 2000 sequencing: Metagenomic shotgun sequencing of sample W21.315	WGS	METAGENOMIC	PAIRED	Illumina HiSeq 2000	20208015	3978280929	1621567565;1629375097	Dietary fiber and probiotics impact the gut microbiome and melanoma immunotherapy response	SUB10558940	2021-12-25	Spencer_2021	3.250942662
SRR16554771	PRJNA770295	SAMN22443628	Illumina HiSeq 2000 sequencing: Metagenomic shotgun sequencing of sample W21.307	WGS	METAGENOMIC	PAIRED	Illumina HiSeq 2000	26219878	5173659495	2137322150;2149681857	Dietary fiber and probiotics impact the gut microbiome and melanoma immunotherapy response	SUB10558940	2021-12-25	Spencer_2021	4.287004007
SRR16554787	PRJNA770295	SAMN22443340	Illumina HiSeq 2000 sequencing: Metagenomic shotgun sequencing of sample W21.19	WGS	METAGENOMIC	PAIRED	Illumina HiSeq 2000	19631875	3874614337	1583171736;1590829675	Dietary fiber and probiotics impact the gut microbiome and melanoma immunotherapy response	SUB10558940	2021-12-25	Spencer_2021	3.174001411
SRR16554757	PRJNA770295	SAMN22443730	Illumina HiSeq X sequencing: Metagenomic shotgun sequencing of sample W21.409	WGS	METAGENOMIC	PAIRED	Illumina HiSeq X	7179153	2080224086	571455157;573269642	Dietary fiber and probiotics impact the gut microbiome and melanoma immunotherapy response	SUB10558940	2021-12-25	Spencer_2021	1.144724799
SRR16554758	PRJNA770295	SAMN22443729	Illumina HiSeq X sequencing: Metagenomic shotgun sequencing of sample W21.408	WGS	METAGENOMIC	PAIRED	Illumina HiSeq X	5481646	1579478600	472911657;446266247	Dietary fiber and probiotics impact the gut microbiome and melanoma immunotherapy response	SUB10558940	2021-12-25	Spencer_2021	0.919177904
SRR16554759	PRJNA770295	SAMN22443355	Illumina HiSeq X sequencing: Metagenomic shotgun sequencing of sample W21.34	WGS	METAGENOMIC	PAIRED	Illumina HiSeq X	7088422	2045484013	544605444;584897983	Dietary fiber and probiotics impact the gut microbiome and melanoma immunotherapy response	SUB10558940	2021-12-25	Spencer_2021	1.129503427
SRR16554760	PRJNA770295	SAMN22443324	Illumina HiSeq 2000 sequencing: Metagenomic shotgun sequencing of sample W21.3	WGS	METAGENOMIC	PAIRED	Illumina HiSeq 2000	23424769	4580862692	1894255032;1903553620	Dietary fiber and probiotics impact the gut microbiome and melanoma immunotherapy response	SUB10558940	2021-12-25	Spencer_2021	3.797808652
SRR16554766	PRJNA770295	SAMN22443648	Illumina HiSeq 2000 sequencing: Metagenomic shotgun sequencing of sample W21.327	WGS	METAGENOMIC	PAIRED	Illumina HiSeq 2000	20939459	4126326927	1681913691;1687816843	Dietary fiber and probiotics impact the gut microbiome and melanoma immunotherapy response	SUB10558940	2021-12-25	Spencer_2021	3.369730534
SRR16554767	PRJNA770295	SAMN22443644	Illumina HiSeq 2000 sequencing: Metagenomic shotgun sequencing of sample W21.323	WGS	METAGENOMIC	PAIRED	Illumina HiSeq 2000	20021650	3955563116	1612197990;1619436550	Dietary fiber and probiotics impact the gut microbiome and melanoma immunotherapy response	SUB10558940	2021-12-25	Spencer_2021	3.23163454
SRR16554774	PRJNA770295	SAMN22443621	Illumina HiSeq 2000 sequencing: Metagenomic shotgun sequencing of sample W21.300	WGS	METAGENOMIC	PAIRED	Illumina HiSeq 2000	22714128	4461714724	1866424222;1874997632	Dietary fiber and probiotics impact the gut microbiome and melanoma immunotherapy response	SUB10558940	2021-12-25	Spencer_2021	3.741421854
SRR16554776	PRJNA770295	SAMN22443347	Illumina HiSeq 2000 sequencing: Metagenomic shotgun sequencing of sample W21.26	WGS	METAGENOMIC	PAIRED	Illumina HiSeq 2000	21514793	4241463461	1729407959;1740239894	Dietary fiber and probiotics impact the gut microbiome and melanoma immunotherapy response	SUB10558940	2021-12-25	Spencer_2021	3.469647853
SRR16554777	PRJNA770295	SAMN22443616	Illumina HiSeq 2000 sequencing: Metagenomic shotgun sequencing of sample W21.295	WGS	METAGENOMIC	PAIRED	Illumina HiSeq 2000	19515065	3825366248	1589845639;1597065657	Dietary fiber and probiotics impact the gut microbiome and melanoma immunotherapy response	SUB10558940	2021-12-25	Spencer_2021	3.186911296
SRR25825494	PRJNA1011235	SAMN37212543	Illumina NovaSeq 6000 sequencing: shotgun metagenomics sequencing of human stool	WGS	METAGENOMIC	PAIRED	Illumina NovaSeq 6000	33314561	10060997422	1948142465;1949829704	ANIMA	SUB13778013	2023-09-02	Tsakmaklis_2023	3.897972169
SRR25825497	PRJNA1011235	SAMN37212540	Illumina NovaSeq 6000 sequencing: shotgun metagenomics sequencing of human stool	WGS	METAGENOMIC	PAIRED	Illumina NovaSeq 6000	30530608	9220243616	1784380908;1787070088	ANIMA	SUB13778013	2023-09-02	Tsakmaklis_2023	3.571450996
SRR25825502	PRJNA1011235	SAMN37212561	Illumina NovaSeq 6000 sequencing: shotgun metagenomics sequencing of human stool	WGS	METAGENOMIC	PAIRED	Illumina NovaSeq 6000	29718535	8974997570	1736594527;1737046007	ANIMA	SUB13778013	2023-09-02	Tsakmaklis_2023	3.473640534
SRR25825503	PRJNA1011235	SAMN37212560	Illumina NovaSeq 6000 sequencing: shotgun metagenomics sequencing of human stool	WGS	METAGENOMIC	PAIRED	Illumina NovaSeq 6000	34882844	10534618888	2040299651;2040977065	ANIMA	SUB13778013	2023-09-02	Tsakmaklis_2023	4.081276716
SRR25825513	PRJNA1011235	SAMN37212551	Illumina NovaSeq 6000 sequencing: shotgun metagenomics sequencing of human stool	WGS	METAGENOMIC	PAIRED	Illumina NovaSeq 6000	25879009	7815460718	1512940479;1514597119	ANIMA	SUB13778013	2023-09-02	Tsakmaklis_2023	3.027537598
SRR25825514	PRJNA1011235	SAMN37212550	Illumina NovaSeq 6000 sequencing: shotgun metagenomics sequencing of human stool	WGS	METAGENOMIC	PAIRED	Illumina NovaSeq 6000	21181690	6396870380	1242582858;1243774005	ANIMA	SUB13778013	2023-09-02	Tsakmaklis_2023	2.486356863
SRR25825518	PRJNA1011235	SAMN37212546	Illumina NovaSeq 6000 sequencing: shotgun metagenomics sequencing of human stool	WGS	METAGENOMIC	PAIRED	Illumina NovaSeq 6000	24831096	7498990992	1455062515;1456415153	ANIMA	SUB13778013	2023-09-02	Tsakmaklis_2023	2.911477668
SRR25825519	PRJNA1011235	SAMN37212545	Illumina NovaSeq 6000 sequencing: shotgun metagenomics sequencing of human stool	WGS	METAGENOMIC	PAIRED	Illumina NovaSeq 6000	30550588	9226277576	1790650738;1791961465	ANIMA	SUB13778013	2023-09-02	Tsakmaklis_2023	3.582612203
SRR25825520	PRJNA1011235	SAMN37212536	Illumina NovaSeq 6000 sequencing: shotgun metagenomics sequencing of human stool	WGS	METAGENOMIC	PAIRED	Illumina NovaSeq 6000	30379755	9174686010	1751149448;1758990435	ANIMA	SUB13778013	2023-09-02	Tsakmaklis_2023	3.510139883
SRR25825495	PRJNA1011235	SAMN37212542	Illumina NovaSeq 6000 sequencing: shotgun metagenomics sequencing of human stool	WGS	METAGENOMIC	PAIRED	Illumina NovaSeq 6000	24806862	7491672324	1453747066;1455088831	ANIMA	SUB13778013	2023-09-02	Tsakmaklis_2023	2.908835897
SRR25825496	PRJNA1011235	SAMN37212541	Illumina NovaSeq 6000 sequencing: shotgun metagenomics sequencing of human stool	WGS	METAGENOMIC	PAIRED	Illumina NovaSeq 6000	24909075	7522540650	1456048695;1457661800	ANIMA	SUB13778013	2023-09-02	Tsakmaklis_2023	2.913710495
SRR25825498	PRJNA1011235	SAMN37212539	Illumina NovaSeq 6000 sequencing: shotgun metagenomics sequencing of human stool	WGS	METAGENOMIC	PAIRED	Illumina NovaSeq 6000	23791924	7185161048	1390206401;1391035800	ANIMA	SUB13778013	2023-09-02	Tsakmaklis_2023	2.781242201
SRR25825499	PRJNA1011235	SAMN37212538	Illumina NovaSeq 6000 sequencing: shotgun metagenomics sequencing of human stool	WGS	METAGENOMIC	PAIRED	Illumina NovaSeq 6000	25505229	7702579158	1495415825;1497724713	ANIMA	SUB13778013	2023-09-02	Tsakmaklis_2023	2.993140538
SRR25825507	PRJNA1011235	SAMN37212556	Illumina NovaSeq 6000 sequencing: shotgun metagenomics sequencing of human stool	WGS	METAGENOMIC	PAIRED	Illumina NovaSeq 6000	24019934	7254020068	1407468908;1408980763	ANIMA	SUB13778013	2023-09-02	Tsakmaklis_2023	2.816449671
SRR25825508	PRJNA1011235	SAMN37212555	Illumina NovaSeq 6000 sequencing: shotgun metagenomics sequencing of human stool	WGS	METAGENOMIC	PAIRED	Illumina NovaSeq 6000	22537138	6806215676	1320561738;1321797123	ANIMA	SUB13778013	2023-09-02	Tsakmaklis_2023	2.642358861
SRR25825509	PRJNA1011235	SAMN37212537	Illumina NovaSeq 6000 sequencing: shotgun metagenomics sequencing of human stool	WGS	METAGENOMIC	PAIRED	Illumina NovaSeq 6000	29097324	8787391848	1684088110;1689678112	ANIMA	SUB13778013	2023-09-02	Tsakmaklis_2023	3.373766222
SRR25825512	PRJNA1011235	SAMN37212552	Illumina NovaSeq 6000 sequencing: shotgun metagenomics sequencing of human stool	WGS	METAGENOMIC	PAIRED	Illumina NovaSeq 6000	21552352	6508810304	1261983917;1263037240	ANIMA	SUB13778013	2023-09-02	Tsakmaklis_2023	2.525021157
SRR25825516	PRJNA1011235	SAMN37212548	Illumina NovaSeq 6000 sequencing: shotgun metagenomics sequencing of human stool	WGS	METAGENOMIC	PAIRED	Illumina NovaSeq 6000	30145279	9103874258	1765287063;1767440348	ANIMA	SUB13778013	2023-09-02	Tsakmaklis_2023	3.532727411
SRR25825505	PRJNA1011235	SAMN37212558	Illumina NovaSeq 6000 sequencing: shotgun metagenomics sequencing of human stool	WGS	METAGENOMIC	PAIRED	Illumina NovaSeq 6000	28219134	8522178468	1649298568;1649767097	ANIMA	SUB13778013	2023-09-02	Tsakmaklis_2023	3.299065665
SRR25825506	PRJNA1011235	SAMN37212557	Illumina NovaSeq 6000 sequencing: shotgun metagenomics sequencing of human stool	WGS	METAGENOMIC	PAIRED	Illumina NovaSeq 6000	24934871	7530331042	1457864314;1458945991	ANIMA	SUB13778013	2023-09-02	Tsakmaklis_2023	2.916810305
SRR25825510	PRJNA1011235	SAMN37212554	Illumina NovaSeq 6000 sequencing: shotgun metagenomics sequencing of human stool	WGS	METAGENOMIC	PAIRED	Illumina NovaSeq 6000	32277915	9747930330	1886721980;1888449188	ANIMA	SUB13778013	2023-09-02	Tsakmaklis_2023	3.775171168
SRR25825515	PRJNA1011235	SAMN37212549	Illumina NovaSeq 6000 sequencing: shotgun metagenomics sequencing of human stool	WGS	METAGENOMIC	PAIRED	Illumina NovaSeq 6000	22732069	6865084838	1330477752;1332036702	ANIMA	SUB13778013	2023-09-02	Tsakmaklis_2023	2.662514454
SRR25825493	PRJNA1011235	SAMN37212544	Illumina NovaSeq 6000 sequencing: shotgun metagenomics sequencing of human stool	WGS	METAGENOMIC	PAIRED	Illumina NovaSeq 6000	24395212	7367354024	1427976719;1429130051	ANIMA	SUB13778013	2023-09-02	Tsakmaklis_2023	2.85710677
SRR25825501	PRJNA1011235	SAMN37212562	Illumina NovaSeq 6000 sequencing: shotgun metagenomics sequencing of human stool	WGS	METAGENOMIC	PAIRED	Illumina NovaSeq 6000	22899575	6915671650	1336650436;1337754819	ANIMA	SUB13778013	2023-09-02	Tsakmaklis_2023	2.674405255
SRR25825517	PRJNA1011235	SAMN37212547	Illumina NovaSeq 6000 sequencing: shotgun metagenomics sequencing of human stool	WGS	METAGENOMIC	PAIRED	Illumina NovaSeq 6000	28469191	8597695682	1666750345;1669059065	ANIMA	SUB13778013	2023-09-02	Tsakmaklis_2023	3.33580941
SRR25825500	PRJNA1011235	SAMN37212563	Illumina NovaSeq 6000 sequencing: shotgun metagenomics sequencing of human stool	WGS	METAGENOMIC	PAIRED	Illumina NovaSeq 6000	28087928	8482554256	1641518706;1642129013	ANIMA	SUB13778013	2023-09-02	Tsakmaklis_2023	3.283647719
SRR25825504	PRJNA1011235	SAMN37212559	Illumina NovaSeq 6000 sequencing: shotgun metagenomics sequencing of human stool	WGS	METAGENOMIC	PAIRED	Illumina NovaSeq 6000	35821047	10817956194	2092506053;2092736041	ANIMA	SUB13778013	2023-09-02	Tsakmaklis_2023	4.185242094
SRR25825511	PRJNA1011235	SAMN37212553	Illumina NovaSeq 6000 sequencing: shotgun metagenomics sequencing of human stool	WGS	METAGENOMIC	PAIRED	Illumina NovaSeq 6000	31362877	9471588854	1835649027;1837268550	ANIMA	SUB13778013	2023-09-02	Tsakmaklis_2023	3.672917577
SRR25825521	PRJNA1011235	SAMN37212535	Illumina NovaSeq 6000 sequencing: shotgun metagenomics sequencing of human stool	WGS	METAGENOMIC	PAIRED	Illumina NovaSeq 6000	27290442	8241713484	1572141536;1577466518	ANIMA	SUB13778013	2023-09-02	Tsakmaklis_2023	3.149608054
